user_id,amount,platform,category,received_at,month
user_0001,6491.93,Freelancer.com,Accounting,2022-06-18,2022-06
user_0001,4501.07,Upwork,Web Development,2022-06-14,2022-06
user_0001,2861.98,Direct Client,UI/UX,2022-07-18,2022-07
user_0001,2861.49,Direct Client,Translation,2022-07-14,2022-07
user_0001,9797.66,Mostaql,SEO,2022-08-25,2022-07
user_0001,5408.6,Freelancer.com,Graphic Design,2022-09-09,2022-08
user_0001,2757.79,Freelancer.com,Video Editing,2022-09-11,2022-08
user_0001,368.47,Khamsat,Web Development,2022-09-10,2022-08
user_0001,1325.96,Freelancer.com,UI/UX,2022-10-11,2022-09
user_0001,2719.25,PeoplePerHour,Accounting,2022-10-08,2022-09
user_0001,2067.19,Freelancer.com,Web Development,2022-10-05,2022-09
user_0001,1402.03,Freelancer.com,SEO,2022-11-05,2022-10
user_0001,3854.6,Local Agency,Video Editing,2022-11-06,2022-10
user_0001,611.91,PeoplePerHour,Video Editing,2022-11-03,2022-10
user_0001,1177.97,Freelancer.com,Accounting,2022-12-18,2022-11
user_0001,2975.1,Mostaql,UI/UX,2022-12-18,2022-11
user_0001,430.88,Direct Client,Content Writing,2022-12-21,2022-11
user_0001,1375.28,Direct Client,Video Editing,2023-01-19,2022-12
user_0001,1709.52,Upwork,Mobile Dev,2023-01-21,2022-12
user_0001,90.6,PeoplePerHour,SEO,2022-12-29,2022-12
user_0001,36.29,PeoplePerHour,Mobile Dev,2023-02-18,2023-01
user_0001,1604.18,Local Agency,SEO,2023-02-16,2023-01
user_0001,1818.32,Local Agency,Content Writing,2023-02-16,2023-01
user_0001,5370.6,Toptal,Accounting,2023-03-06,2023-02
user_0001,1180.8,PeoplePerHour,Mobile Dev,2023-03-10,2023-02
user_0001,13694.29,Mostaql,Content Writing,2023-03-31,2023-03
user_0001,3072.52,Toptal,Accounting,2023-04-22,2023-03
user_0001,1211.7,Khamsat,UI/UX,2023-05-13,2023-04
user_0001,62.03,Freelancer.com,UI/UX,2023-04-27,2023-04
user_0001,4255.15,Khamsat,Video Editing,2023-05-21,2023-04
user_0001,9245.09,Khamsat,UI/UX,2023-06-19,2023-05
user_0001,5958.31,Khamsat,UI/UX,2023-07-16,2023-06
user_0001,4472.19,Upwork,Accounting,2023-08-12,2023-07
user_0001,1910.67,Local Agency,Web Development,2023-08-05,2023-07
user_0001,4603.04,Khamsat,Mobile Dev,2023-09-19,2023-08
user_0001,3695.68,Direct Client,Accounting,2023-08-26,2023-08
user_0001,1495.0,Freelancer.com,Translation,2023-08-27,2023-08
user_0001,1128.82,Mostaql,Translation,2023-09-28,2023-09
user_0001,6292.24,Mostaql,Data Analysis,2023-10-11,2023-09
user_0001,1713.69,Direct Client,Data Analysis,2023-11-10,2023-10
user_0001,1280.93,PeoplePerHour,Translation,2023-11-05,2023-10
user_0001,3038.8,Local Agency,Graphic Design,2023-11-09,2023-10
user_0001,293.46,Direct Client,Web Development,2023-12-11,2023-11
user_0001,16416.83,Upwork,Mobile Dev,2023-11-25,2023-11
user_0001,16002.27,Local Agency,Mobile Dev,2023-12-31,2023-12
user_0001,2396.2,Mostaql,Accounting,2024-01-09,2023-12
user_0001,10222.77,Direct Client,Graphic Design,2024-02-04,2024-01
user_0001,10062.56,Upwork,Graphic Design,2024-03-06,2024-02
user_0001,4616.02,Direct Client,Mobile Dev,2024-03-25,2024-03
user_0001,2266.31,Local Agency,Content Writing,2024-03-28,2024-03
user_0001,8581.58,Local Agency,UI/UX,2024-04-23,2024-04
user_0002,3108.99,PeoplePerHour,Accounting,2022-06-07,2022-06
user_0002,1800.22,Khamsat,UI/UX,2022-07-07,2022-07
user_0002,1396.94,Khamsat,Translation,2022-07-05,2022-07
user_0002,4380.81,Direct Client,Content Writing,2022-08-20,2022-07
user_0002,11421.33,Local Agency,Graphic Design,2022-09-02,2022-08
user_0002,2716.35,Khamsat,SEO,2022-10-08,2022-09
user_0002,1254.73,Local Agency,Mobile Dev,2022-10-14,2022-09
user_0002,1363.22,Mostaql,SEO,2022-10-13,2022-09
user_0002,7153.49,Freelancer.com,Data Analysis,2022-11-02,2022-10
user_0002,330.19,Toptal,Video Editing,2022-11-22,2022-10
user_0002,114.89,Khamsat,Accounting,2022-12-07,2022-11
user_0002,385.11,Local Agency,Content Writing,2022-12-16,2022-11
user_0002,5193.48,Toptal,Translation,2023-01-21,2022-12
user_0002,2175.86,Toptal,Mobile Dev,2023-02-03,2023-01
user_0002,670.87,Toptal,Web Development,2023-02-20,2023-01
user_0002,2865.41,Local Agency,SEO,2023-02-06,2023-01
user_0002,72.03,Local Agency,Web Development,2023-03-02,2023-02
user_0002,1087.77,PeoplePerHour,Graphic Design,2023-03-02,2023-02
user_0002,1987.1,Upwork,Content Writing,2023-04-11,2023-03
user_0002,1576.85,Mostaql,Graphic Design,2023-04-10,2023-03
user_0002,5448.01,Toptal,Graphic Design,2023-05-19,2023-04
user_0002,1424.57,PeoplePerHour,Translation,2023-06-08,2023-05
user_0002,1958.03,Upwork,Accounting,2023-06-13,2023-05
user_0002,330.97,Direct Client,Data Analysis,2023-05-29,2023-05
user_0002,6231.02,Freelancer.com,Translation,2023-06-29,2023-06
user_0002,3676.59,Upwork,Data Analysis,2023-08-05,2023-07
user_0002,1480.27,Mostaql,Content Writing,2023-09-07,2023-08
user_0002,4550.48,Direct Client,Translation,2023-10-15,2023-09
user_0002,3583.91,Local Agency,Data Analysis,2023-11-01,2023-10
user_0002,2746.03,Mostaql,Graphic Design,2023-12-02,2023-11
user_0002,394.96,Toptal,Data Analysis,2024-01-12,2023-12
user_0002,740.03,Khamsat,Mobile Dev,2024-01-06,2023-12
user_0002,500.0,PeoplePerHour,Accounting,2024-02-03,2024-01
user_0002,5388.71,Toptal,Data Analysis,2024-03-13,2024-02
user_0002,1400.44,Local Agency,Data Analysis,2024-05-10,2024-04
user_0002,1311.7,Direct Client,Accounting,2024-05-15,2024-04
user_0002,147.05,PeoplePerHour,Mobile Dev,2024-05-16,2024-04
user_0003,1852.99,Local Agency,Translation,2022-06-25,2022-06
user_0003,4681.64,Local Agency,Web Development,2022-07-25,2022-07
user_0003,12467.54,Toptal,UI/UX,2022-08-09,2022-07
user_0003,14993.01,Upwork,Video Editing,2022-09-23,2022-08
user_0003,6196.23,Local Agency,SEO,2022-10-11,2022-09
user_0003,7008.4,Khamsat,Graphic Design,2022-11-09,2022-10
user_0003,1326.19,Toptal,Graphic Design,2022-11-21,2022-10
user_0003,4100.41,PeoplePerHour,Graphic Design,2022-12-07,2022-11
user_0003,8805.59,Toptal,Content Writing,2023-01-16,2022-12
user_0003,2957.07,Toptal,Data Analysis,2023-02-07,2023-01
user_0003,3818.93,Toptal,Video Editing,2023-03-19,2023-02
user_0003,5028.17,Mostaql,Accounting,2023-03-28,2023-03
user_0003,3698.67,PeoplePerHour,Video Editing,2023-05-04,2023-04
user_0003,1085.41,Local Agency,Video Editing,2023-06-17,2023-05
user_0003,6651.72,Local Agency,Graphic Design,2023-06-07,2023-05
user_0003,9641.1,Khamsat,Mobile Dev,2023-07-16,2023-06
user_0003,13116.2,Freelancer.com,Data Analysis,2023-08-12,2023-07
user_0003,3787.22,Khamsat,Translation,2023-08-19,2023-07
user_0003,7467.38,Direct Client,Graphic Design,2023-09-09,2023-08
user_0003,3559.65,Freelancer.com,Translation,2023-08-29,2023-08
user_0003,4662.12,PeoplePerHour,Video Editing,2023-10-19,2023-09
user_0003,1711.35,Freelancer.com,UI/UX,2023-10-16,2023-09
user_0003,604.03,Khamsat,Data Analysis,2023-10-11,2023-09
user_0003,679.03,Mostaql,Video Editing,2023-11-13,2023-10
user_0003,2046.18,Direct Client,Graphic Design,2023-11-09,2023-10
user_0003,3594.71,Mostaql,Mobile Dev,2023-10-30,2023-10
user_0003,24071.92,Mostaql,Accounting,2023-12-18,2023-11
user_0003,7031.52,Toptal,SEO,2024-01-07,2023-12
user_0003,14103.89,Freelancer.com,Content Writing,2024-01-10,2023-12
user_0003,10594.91,PeoplePerHour,Content Writing,2024-02-12,2024-01
user_0003,247.16,Mostaql,SEO,2024-02-26,2024-02
user_0003,8538.99,Upwork,Graphic Design,2024-03-08,2024-02
user_0003,7132.07,Direct Client,Video Editing,2024-04-13,2024-03
user_0003,11298.69,Khamsat,Mobile Dev,2024-04-23,2024-04
user_0004,11330.42,Mostaql,Graphic Design,2022-06-01,2022-06
user_0004,2071.91,Freelancer.com,UI/UX,2022-07-19,2022-07
user_0004,1583.38,Direct Client,Mobile Dev,2022-07-02,2022-07
user_0004,1664.54,Upwork,Graphic Design,2022-08-08,2022-07
user_0004,942.98,Khamsat,UI/UX,2022-08-21,2022-07
user_0004,15566.3,Mostaql,SEO,2022-09-05,2022-08
user_0004,4074.49,Toptal,UI/UX,2022-10-17,2022-09
user_0004,3698.19,Toptal,Content Writing,2022-10-09,2022-09
user_0004,6471.59,PeoplePerHour,Web Development,2022-11-21,2022-10
user_0004,6386.3,Toptal,Video Editing,2023-01-16,2022-12
user_0004,10141.81,Khamsat,Translation,2022-12-28,2022-12
user_0004,5037.02,Mostaql,Accounting,2023-02-09,2023-01
user_0004,1613.04,Toptal,Graphic Design,2023-02-17,2023-01
user_0004,9518.39,Khamsat,Mobile Dev,2023-02-20,2023-01
user_0004,10869.14,Mostaql,SEO,2023-03-18,2023-02
user_0004,811.83,PeoplePerHour,Graphic Design,2023-03-08,2023-02
user_0004,706.12,Mostaql,Graphic Design,2023-04-30,2023-04
user_0004,770.31,Toptal,Translation,2023-05-02,2023-04
user_0004,8319.89,PeoplePerHour,UI/UX,2023-05-29,2023-05
user_0004,6992.7,Toptal,SEO,2023-08-04,2023-07
user_0004,6740.94,Mostaql,SEO,2023-09-01,2023-08
user_0004,3900.43,Mostaql,Data Analysis,2023-08-30,2023-08
user_0004,4162.06,Khamsat,SEO,2023-10-07,2023-09
user_0004,1080.61,Local Agency,Accounting,2023-10-31,2023-10
user_0004,7426.37,Toptal,Video Editing,2023-11-23,2023-11
user_0004,566.7,PeoplePerHour,SEO,2024-01-06,2023-12
user_0004,401.7,Mostaql,Data Analysis,2024-01-12,2023-12
user_0004,48.65,Direct Client,Translation,2024-01-02,2023-12
user_0004,2632.4,Local Agency,Accounting,2024-01-31,2024-01
user_0004,1693.42,Direct Client,Video Editing,2024-02-16,2024-01
user_0004,1497.79,Khamsat,SEO,2024-02-03,2024-01
user_0004,888.12,Mostaql,UI/UX,2024-03-09,2024-02
user_0004,609.32,Khamsat,Graphic Design,2024-05-16,2024-04
user_0005,1802.23,Upwork,Graphic Design,2022-06-16,2022-06
user_0005,2189.09,Toptal,Content Writing,2022-06-09,2022-06
user_0005,2651.94,Direct Client,UI/UX,2022-06-14,2022-06
user_0005,5721.24,Toptal,Video Editing,2022-07-01,2022-07
user_0005,3751.33,Local Agency,Video Editing,2022-07-16,2022-07
user_0005,14968.33,Upwork,Video Editing,2022-08-05,2022-07
user_0005,24285.63,Local Agency,UI/UX,2022-09-24,2022-08
user_0005,9553.5,Freelancer.com,Mobile Dev,2022-10-04,2022-09
user_0005,504.87,Upwork,Mobile Dev,2022-11-21,2022-10
user_0005,8642.66,Toptal,Video Editing,2022-11-16,2022-10
user_0005,7066.11,PeoplePerHour,Video Editing,2022-12-05,2022-11
user_0005,389.45,Mostaql,Accounting,2023-01-15,2022-12
user_0005,478.57,Local Agency,UI/UX,2023-01-03,2022-12
user_0005,21743.03,Mostaql,Translation,2023-01-06,2022-12
user_0005,17852.56,Upwork,Video Editing,2023-02-11,2023-01
user_0005,7396.42,Mostaql,Video Editing,2023-03-20,2023-02
user_0005,1176.17,Freelancer.com,UI/UX,2023-04-01,2023-03
user_0005,4717.98,Freelancer.com,Video Editing,2023-04-08,2023-03
user_0005,5088.53,Khamsat,Video Editing,2023-05-07,2023-04
user_0005,6495.02,Mostaql,SEO,2023-05-01,2023-04
user_0005,9551.98,PeoplePerHour,Mobile Dev,2023-06-01,2023-05
user_0005,1863.14,Mostaql,SEO,2023-06-17,2023-05
user_0005,10872.03,Upwork,Accounting,2023-07-19,2023-06
user_0005,7460.33,Mostaql,Accounting,2023-07-27,2023-07
user_0005,1054.61,Direct Client,Accounting,2023-08-05,2023-07
user_0005,331.43,Local Agency,Content Writing,2023-07-29,2023-07
user_0005,19544.59,Freelancer.com,Video Editing,2023-09-14,2023-08
user_0005,12381.18,PeoplePerHour,Data Analysis,2023-09-26,2023-09
user_0005,9976.65,Toptal,Content Writing,2023-11-07,2023-10
user_0005,6531.66,Toptal,Graphic Design,2023-12-10,2023-11
user_0005,5692.39,Direct Client,Content Writing,2024-01-16,2023-12
user_0005,3273.55,Freelancer.com,Web Development,2024-01-06,2023-12
user_0005,1393.22,PeoplePerHour,Content Writing,2024-01-24,2024-01
user_0005,2153.56,Mostaql,Graphic Design,2024-02-03,2024-01
user_0005,6941.01,Freelancer.com,Video Editing,2024-02-08,2024-01
user_0005,8565.73,Toptal,Content Writing,2024-02-21,2024-02
user_0005,9272.72,Direct Client,Mobile Dev,2024-04-01,2024-03
user_0005,560.95,Khamsat,Data Analysis,2024-05-08,2024-04
user_0005,1677.88,Direct Client,Graphic Design,2024-04-30,2024-04
user_0005,1499.26,Toptal,Accounting,2024-04-22,2024-04
user_0006,940.95,Upwork,UI/UX,2022-06-16,2022-06
user_0006,991.5,Upwork,UI/UX,2022-06-24,2022-06
user_0006,6146.35,Mostaql,Accounting,2022-07-17,2022-07
user_0006,5266.57,PeoplePerHour,UI/UX,2022-08-21,2022-07
user_0006,6333.72,Direct Client,Data Analysis,2022-09-21,2022-08
user_0006,2606.18,PeoplePerHour,Data Analysis,2022-09-11,2022-08
user_0006,18315.71,Khamsat,UI/UX,2022-10-22,2022-09
user_0006,478.54,Direct Client,Mobile Dev,2022-10-09,2022-09
user_0006,5954.3,Mostaql,Content Writing,2022-11-19,2022-10
user_0006,3414.35,PeoplePerHour,Graphic Design,2022-11-14,2022-10
user_0006,4210.63,Toptal,UI/UX,2022-12-19,2022-11
user_0006,2503.75,Toptal,Web Development,2022-12-07,2022-11
user_0006,1888.98,Khamsat,Content Writing,2023-01-03,2022-12
user_0006,12578.62,Khamsat,Content Writing,2023-01-06,2022-12
user_0006,5514.66,Upwork,Video Editing,2023-02-20,2023-01
user_0006,2874.34,Toptal,Mobile Dev,2023-03-05,2023-02
user_0006,14951.98,Khamsat,Web Development,2023-03-14,2023-02
user_0006,1460.92,PeoplePerHour,UI/UX,2023-04-18,2023-03
user_0006,18.46,Upwork,Data Analysis,2023-03-29,2023-03
user_0006,1320.59,Local Agency,Mobile Dev,2023-04-03,2023-03
user_0006,1786.58,Direct Client,Mobile Dev,2023-05-21,2023-04
user_0006,1484.48,Local Agency,Content Writing,2023-05-06,2023-04
user_0006,10694.15,Toptal,Web Development,2023-05-30,2023-05
user_0006,6766.15,Khamsat,UI/UX,2023-06-09,2023-05
user_0006,16154.89,Mostaql,Web Development,2023-07-10,2023-06
user_0006,10996.25,Khamsat,Translation,2023-08-15,2023-07
user_0006,529.31,PeoplePerHour,UI/UX,2023-09-16,2023-08
user_0006,1135.03,Toptal,Graphic Design,2023-10-07,2023-09
user_0006,7272.51,Direct Client,Mobile Dev,2023-10-05,2023-09
user_0006,6269.28,Local Agency,UI/UX,2023-11-17,2023-10
user_0006,10965.11,PeoplePerHour,Translation,2023-12-14,2023-11
user_0006,1379.66,Upwork,Video Editing,2023-12-30,2023-12
user_0006,8078.99,Freelancer.com,SEO,2024-01-04,2023-12
user_0006,1763.27,Khamsat,Web Development,2023-12-31,2023-12
user_0006,5674.78,Local Agency,Translation,2024-02-16,2024-01
user_0006,10167.47,Upwork,Graphic Design,2024-03-27,2024-03
user_0006,2879.92,Direct Client,SEO,2024-03-28,2024-03
user_0006,3377.6,Direct Client,UI/UX,2024-03-25,2024-03
user_0006,3536.74,Freelancer.com,Content Writing,2024-05-04,2024-04
user_0006,2062.69,Local Agency,Video Editing,2024-04-21,2024-04
user_0007,2348.54,PeoplePerHour,Accounting,2022-06-25,2022-06
user_0007,2638.53,Local Agency,SEO,2022-06-17,2022-06
user_0007,2622.78,Mostaql,Web Development,2022-06-06,2022-06
user_0007,3606.68,Freelancer.com,Mobile Dev,2022-07-24,2022-07
user_0007,2269.35,Upwork,Web Development,2022-08-17,2022-07
user_0007,1657.79,Toptal,UI/UX,2022-08-24,2022-07
user_0007,6222.49,Freelancer.com,Graphic Design,2022-08-24,2022-07
user_0007,5420.75,Khamsat,Mobile Dev,2022-09-11,2022-08
user_0007,1561.61,Khamsat,Translation,2022-09-06,2022-08
user_0007,18702.42,PeoplePerHour,Video Editing,2022-10-20,2022-09
user_0007,431.44,Local Agency,Content Writing,2022-11-06,2022-10
user_0007,355.55,Mostaql,Accounting,2022-11-20,2022-10
user_0007,4885.56,Local Agency,Accounting,2022-11-17,2022-10
user_0007,109.87,Local Agency,UI/UX,2022-12-09,2022-11
user_0007,5348.06,Freelancer.com,Translation,2022-12-05,2022-11
user_0007,6464.1,Upwork,UI/UX,2022-12-28,2022-12
user_0007,8069.48,Upwork,Translation,2023-02-11,2023-01
user_0007,4845.24,Khamsat,Accounting,2023-03-11,2023-02
user_0007,13820.6,Toptal,SEO,2023-04-14,2023-03
user_0007,6164.13,Direct Client,Data Analysis,2023-05-09,2023-04
user_0007,3356.1,Toptal,Mobile Dev,2023-04-29,2023-04
user_0007,1378.84,Khamsat,Data Analysis,2023-06-18,2023-05
user_0007,7936.47,Khamsat,SEO,2023-06-16,2023-05
user_0007,15598.92,Local Agency,Data Analysis,2023-07-10,2023-06
user_0007,7674.55,Upwork,UI/UX,2023-07-30,2023-07
user_0007,9342.84,Upwork,Mobile Dev,2023-10-08,2023-09
user_0007,20863.66,Local Agency,Video Editing,2023-11-18,2023-10
user_0007,10341.73,Mostaql,Web Development,2023-12-17,2023-11
user_0007,4897.99,Direct Client,Data Analysis,2023-12-28,2023-12
user_0007,610.79,Upwork,Graphic Design,2024-01-04,2023-12
user_0007,6472.5,Direct Client,Web Development,2024-02-05,2024-01
user_0007,8648.18,Direct Client,Translation,2024-03-13,2024-02
user_0007,1377.39,Upwork,UI/UX,2024-03-27,2024-03
user_0007,5944.95,Freelancer.com,Data Analysis,2024-04-07,2024-03
user_0007,1263.62,Khamsat,Mobile Dev,2024-04-06,2024-03
user_0007,6813.25,Toptal,Video Editing,2024-04-28,2024-04
user_0007,11102.07,Mostaql,Data Analysis,2024-04-21,2024-04
user_0007,9867.3,Freelancer.com,SEO,2024-05-09,2024-04
user_0008,13146.14,Freelancer.com,SEO,2022-06-13,2022-06
user_0008,17750.5,PeoplePerHour,UI/UX,2022-07-09,2022-07
user_0008,5022.63,Freelancer.com,Accounting,2022-08-01,2022-07
user_0008,521.75,Khamsat,SEO,2022-09-14,2022-08
user_0008,48.18,PeoplePerHour,Data Analysis,2022-09-18,2022-08
user_0008,2182.27,PeoplePerHour,Content Writing,2022-09-15,2022-08
user_0008,4679.29,Local Agency,Content Writing,2022-10-14,2022-09
user_0008,1308.43,Direct Client,Data Analysis,2022-10-18,2022-09
user_0008,4809.93,Direct Client,Accounting,2022-11-01,2022-10
user_0008,3303.12,Toptal,Web Development,2022-11-11,2022-10
user_0008,487.13,Direct Client,Data Analysis,2022-11-28,2022-11
user_0008,6637.82,Freelancer.com,Data Analysis,2022-12-06,2022-11
user_0008,1250.98,PeoplePerHour,Video Editing,2022-12-31,2022-12
user_0008,6232.95,Upwork,Content Writing,2023-01-09,2022-12
user_0008,8408.78,Local Agency,Web Development,2023-02-11,2023-01
user_0008,193.54,Mostaql,Translation,2023-02-16,2023-01
user_0008,111.76,Local Agency,UI/UX,2023-01-31,2023-01
user_0008,7865.11,Upwork,UI/UX,2023-03-21,2023-02
user_0008,293.77,PeoplePerHour,UI/UX,2023-03-07,2023-02
user_0008,3409.49,PeoplePerHour,Graphic Design,2023-04-22,2023-03
user_0008,1812.93,Khamsat,Web Development,2023-04-01,2023-03
user_0008,4116.97,Toptal,Content Writing,2023-05-02,2023-04
user_0008,2453.95,Freelancer.com,Data Analysis,2023-05-16,2023-04
user_0008,10075.63,Freelancer.com,Translation,2023-06-09,2023-05
user_0008,5256.12,Direct Client,UI/UX,2023-07-05,2023-06
user_0008,3662.66,Mostaql,Graphic Design,2023-07-05,2023-06
user_0008,17984.07,Upwork,Translation,2023-08-11,2023-07
user_0008,8499.87,Khamsat,Video Editing,2023-09-09,2023-08
user_0008,459.12,Mostaql,Mobile Dev,2023-10-10,2023-09
user_0008,10225.81,Upwork,Translation,2023-10-17,2023-09
user_0008,6462.82,Upwork,Accounting,2023-11-02,2023-10
user_0008,6224.5,Khamsat,Web Development,2023-11-26,2023-11
user_0008,2867.1,Khamsat,Mobile Dev,2023-12-11,2023-11
user_0008,779.39,Direct Client,Mobile Dev,2023-12-03,2023-11
user_0008,5938.08,Freelancer.com,Data Analysis,2024-01-13,2023-12
user_0008,2946.59,Mostaql,Data Analysis,2023-12-27,2023-12
user_0008,8631.28,Direct Client,UI/UX,2024-01-25,2024-01
user_0008,3624.28,PeoplePerHour,Data Analysis,2024-02-02,2024-01
user_0008,10253.16,Mostaql,Graphic Design,2024-02-28,2024-02
user_0008,7392.49,Mostaql,Web Development,2024-03-23,2024-03
user_0008,1500.46,Upwork,Graphic Design,2024-04-06,2024-03
user_0008,19169.56,Local Agency,Accounting,2024-05-09,2024-04
user_0008,3770.13,Khamsat,Video Editing,2024-05-02,2024-04
user_0009,6510.99,Toptal,Accounting,2022-06-11,2022-06
user_0009,85.91,Upwork,SEO,2022-07-19,2022-07
user_0009,350.17,Upwork,Translation,2022-07-02,2022-07
user_0009,63.92,Upwork,SEO,2022-07-24,2022-07
user_0009,2471.97,Local Agency,Translation,2022-08-03,2022-07
user_0009,5244.81,Freelancer.com,UI/UX,2022-08-07,2022-07
user_0009,8282.95,Mostaql,Video Editing,2022-09-05,2022-08
user_0009,1503.01,Khamsat,Content Writing,2022-10-14,2022-09
user_0009,67.86,Local Agency,Translation,2022-10-29,2022-10
user_0009,432.14,Mostaql,SEO,2022-11-22,2022-10
user_0009,2127.74,Upwork,Graphic Design,2022-12-20,2022-11
user_0009,1250.05,PeoplePerHour,UI/UX,2022-12-10,2022-11
user_0009,111.47,Direct Client,Graphic Design,2023-02-13,2023-01
user_0009,194.94,PeoplePerHour,Web Development,2023-02-15,2023-01
user_0009,193.59,PeoplePerHour,Web Development,2023-02-12,2023-01
user_0009,3934.05,Freelancer.com,UI/UX,2023-04-02,2023-03
user_0009,256.94,Freelancer.com,Translation,2023-05-04,2023-04
user_0009,542.87,Direct Client,Mobile Dev,2023-05-20,2023-04
user_0009,2906.7,PeoplePerHour,Data Analysis,2023-05-07,2023-04
user_0009,1432.26,PeoplePerHour,Translation,2023-06-07,2023-05
user_0009,1931.4,Khamsat,Translation,2023-07-18,2023-06
user_0009,425.94,Freelancer.com,Mobile Dev,2023-08-20,2023-07
user_0009,1888.9,Freelancer.com,Graphic Design,2023-08-09,2023-07
user_0009,3333.29,Mostaql,Data Analysis,2023-08-07,2023-07
user_0009,4464.53,Mostaql,Translation,2023-08-28,2023-08
user_0009,440.56,Khamsat,SEO,2023-09-24,2023-09
user_0009,680.82,Mostaql,Translation,2023-10-15,2023-09
user_0009,1140.32,Toptal,Translation,2023-10-05,2023-09
user_0009,6154.66,Direct Client,UI/UX,2023-11-18,2023-10
user_0009,3970.76,PeoplePerHour,Translation,2023-12-13,2023-11
user_0009,1441.32,Local Agency,Data Analysis,2024-01-06,2023-12
user_0009,1211.56,Mostaql,Data Analysis,2024-01-10,2023-12
user_0009,1974.64,Upwork,Content Writing,2024-01-31,2024-01
user_0009,1095.98,Khamsat,Content Writing,2024-02-26,2024-02
user_0009,338.3,Mostaql,Content Writing,2024-04-12,2024-03
user_0009,161.7,Freelancer.com,Web Development,2024-03-29,2024-03
user_0009,6518.93,Mostaql,Mobile Dev,2024-05-02,2024-04
user_0010,2952.12,Toptal,Data Analysis,2022-06-18,2022-06
user_0010,2420.61,Freelancer.com,UI/UX,2022-07-22,2022-07
user_0010,2564.98,Local Agency,SEO,2022-07-08,2022-07
user_0010,382.83,Toptal,Data Analysis,2022-07-01,2022-07
user_0010,2288.88,Direct Client,Content Writing,2022-08-09,2022-07
user_0010,2935.1,PeoplePerHour,SEO,2022-08-14,2022-07
user_0010,2916.89,Local Agency,Translation,2022-09-23,2022-08
user_0010,2549.24,Freelancer.com,Content Writing,2022-10-12,2022-09
user_0010,1765.22,PeoplePerHour,Translation,2022-11-17,2022-10
user_0010,112.34,Local Agency,Content Writing,2022-12-03,2022-11
user_0010,1948.04,Toptal,Mobile Dev,2022-11-28,2022-11
user_0010,6611.71,Direct Client,UI/UX,2023-01-02,2022-12
user_0010,3888.02,Toptal,Video Editing,2023-01-31,2023-01
user_0010,512.36,Local Agency,Content Writing,2023-02-10,2023-01
user_0010,5324.61,Khamsat,Mobile Dev,2023-03-23,2023-02
user_0010,2198.91,Toptal,Video Editing,2023-02-28,2023-02
user_0010,695.15,Direct Client,Web Development,2023-04-15,2023-03
user_0010,1699.94,Direct Client,Graphic Design,2023-03-28,2023-03
user_0010,2297.65,Direct Client,Data Analysis,2023-04-11,2023-03
user_0010,4937.59,Khamsat,Content Writing,2023-05-10,2023-04
user_0010,8300.72,Toptal,Translation,2023-07-18,2023-06
user_0010,1462.38,Direct Client,Data Analysis,2023-08-01,2023-07
user_0010,5938.53,Direct Client,Data Analysis,2023-08-31,2023-08
user_0010,3107.82,Mostaql,Web Development,2023-10-19,2023-09
user_0010,1932.14,PeoplePerHour,Accounting,2023-10-31,2023-10
user_0010,1096.18,Local Agency,Graphic Design,2023-11-14,2023-10
user_0010,485.71,Toptal,SEO,2024-02-13,2024-01
user_0010,14.29,Khamsat,Graphic Design,2024-02-14,2024-01
user_0010,372.36,Upwork,Web Development,2024-05-10,2024-04
user_0010,2561.16,Toptal,Data Analysis,2024-04-29,2024-04
user_0010,1472.69,PeoplePerHour,Content Writing,2024-05-03,2024-04
user_0011,631.39,Upwork,Video Editing,2022-07-16,2022-07
user_0011,3721.52,Mostaql,SEO,2022-07-14,2022-07
user_0011,10341.56,Mostaql,Data Analysis,2022-09-02,2022-08
user_0011,15362.51,Toptal,Content Writing,2022-10-08,2022-09
user_0011,22971.96,PeoplePerHour,Content Writing,2022-12-01,2022-11
user_0011,3381.77,Upwork,Mobile Dev,2022-12-31,2022-12
user_0011,1222.58,Toptal,Graphic Design,2023-02-12,2023-01
user_0011,2399.23,Local Agency,Web Development,2023-02-28,2023-02
user_0011,866.29,Direct Client,Web Development,2023-03-11,2023-02
user_0011,3407.55,Mostaql,Data Analysis,2023-04-04,2023-03
user_0011,656.35,Toptal,Translation,2023-04-15,2023-03
user_0011,1534.0,Mostaql,Mobile Dev,2023-06-07,2023-05
user_0011,11830.0,Toptal,UI/UX,2023-06-13,2023-05
user_0011,4161.11,Upwork,Web Development,2023-06-10,2023-05
user_0011,8.08,Mostaql,Web Development,2023-07-16,2023-06
user_0011,567.9,Local Agency,Data Analysis,2023-06-27,2023-06
user_0011,11514.4,Direct Client,Accounting,2023-08-06,2023-07
user_0011,5372.43,Freelancer.com,Data Analysis,2023-09-11,2023-08
user_0011,5053.89,Toptal,Mobile Dev,2023-11-01,2023-10
user_0011,4205.32,PeoplePerHour,Video Editing,2023-11-12,2023-10
user_0011,1717.55,Direct Client,Video Editing,2023-12-01,2023-11
user_0011,10618.73,Direct Client,Translation,2023-12-03,2023-11
user_0011,6826.1,Upwork,Accounting,2023-12-27,2023-12
user_0011,489.9,Upwork,Web Development,2024-01-07,2023-12
user_0011,168.59,Mostaql,SEO,2024-01-13,2023-12
user_0011,3174.83,Freelancer.com,Graphic Design,2024-02-03,2024-01
user_0011,878.34,Freelancer.com,Video Editing,2024-03-06,2024-02
user_0011,9252.79,PeoplePerHour,SEO,2024-03-04,2024-02
user_0011,3717.8,Freelancer.com,Translation,2024-03-22,2024-03
user_0011,2950.65,Direct Client,Translation,2024-04-02,2024-03
user_0012,7607.81,Upwork,SEO,2022-06-06,2022-06
user_0012,11371.31,Khamsat,Accounting,2022-07-22,2022-07
user_0012,17082.97,Local Agency,Graphic Design,2022-08-19,2022-07
user_0012,3713.76,Mostaql,Data Analysis,2022-09-17,2022-08
user_0012,1266.2,PeoplePerHour,SEO,2022-09-02,2022-08
user_0012,1035.95,Mostaql,Video Editing,2022-09-20,2022-08
user_0012,331.69,Local Agency,Graphic Design,2022-10-20,2022-09
user_0012,168.31,Upwork,Accounting,2022-10-09,2022-09
user_0012,554.14,Direct Client,UI/UX,2022-11-21,2022-10
user_0012,4819.81,Upwork,Mobile Dev,2022-11-16,2022-10
user_0012,15719.76,Freelancer.com,Web Development,2023-01-04,2022-12
user_0012,500.0,Direct Client,Web Development,2023-02-08,2023-01
user_0012,27.8,PeoplePerHour,Content Writing,2023-03-12,2023-02
user_0012,292.84,PeoplePerHour,Web Development,2023-03-06,2023-02
user_0012,179.37,Toptal,Data Analysis,2023-03-14,2023-02
user_0012,2502.5,Direct Client,Mobile Dev,2023-04-07,2023-03
user_0012,7363.28,Upwork,Mobile Dev,2023-04-14,2023-03
user_0012,3810.42,PeoplePerHour,Content Writing,2023-05-09,2023-04
user_0012,19787.42,Upwork,Content Writing,2023-06-02,2023-05
user_0012,16277.95,Direct Client,Mobile Dev,2023-07-21,2023-06
user_0012,3255.13,Freelancer.com,SEO,2023-07-12,2023-06
user_0012,8517.39,Toptal,Content Writing,2023-08-02,2023-07
user_0012,579.98,Direct Client,Data Analysis,2023-08-14,2023-07
user_0012,4927.76,Local Agency,Graphic Design,2023-09-02,2023-08
user_0012,7900.14,Toptal,SEO,2023-09-05,2023-08
user_0012,2894.32,Toptal,Content Writing,2023-10-17,2023-09
user_0012,2876.36,Local Agency,Web Development,2023-10-19,2023-09
user_0012,12683.61,Mostaql,UI/UX,2023-11-02,2023-10
user_0012,10604.41,Khamsat,SEO,2023-12-07,2023-11
user_0012,1766.46,Local Agency,Mobile Dev,2024-01-14,2023-12
user_0012,5643.61,PeoplePerHour,Translation,2024-02-14,2024-01
user_0012,3301.61,Toptal,SEO,2024-02-03,2024-01
user_0012,8077.46,Freelancer.com,SEO,2024-03-12,2024-02
user_0012,5428.43,Mostaql,Mobile Dev,2024-04-09,2024-03
user_0012,140.07,PeoplePerHour,UI/UX,2024-05-15,2024-04
user_0012,15762.94,Local Agency,Video Editing,2024-05-13,2024-04
user_0013,4168.15,Mostaql,Video Editing,2022-06-06,2022-06
user_0013,1290.3,Toptal,Web Development,2022-06-24,2022-06
user_0013,6962.02,Khamsat,Web Development,2022-07-07,2022-07
user_0013,7087.0,Mostaql,Mobile Dev,2022-08-01,2022-07
user_0013,1288.86,Toptal,Translation,2022-09-02,2022-08
user_0013,3114.26,Local Agency,Content Writing,2022-09-16,2022-08
user_0013,6360.93,Toptal,UI/UX,2022-09-09,2022-08
user_0013,7906.04,Freelancer.com,Graphic Design,2022-10-03,2022-09
user_0013,1824.03,Upwork,Content Writing,2022-10-24,2022-09
user_0013,10694.48,Upwork,Video Editing,2022-11-05,2022-10
user_0013,1182.9,Upwork,SEO,2022-11-11,2022-10
user_0013,7447.91,Direct Client,Accounting,2022-12-11,2022-11
user_0013,3975.79,Freelancer.com,Data Analysis,2023-01-21,2022-12
user_0013,2097.68,Local Agency,Graphic Design,2023-02-02,2023-01
user_0013,353.37,Mostaql,Mobile Dev,2023-02-18,2023-01
user_0013,5862.48,Freelancer.com,Content Writing,2023-03-05,2023-02
user_0013,2477.77,Upwork,Data Analysis,2023-03-10,2023-02
user_0013,4523.82,Direct Client,Graphic Design,2023-04-16,2023-03
user_0013,3530.41,Direct Client,Mobile Dev,2023-05-19,2023-04
user_0013,2778.1,Toptal,Translation,2023-05-07,2023-04
user_0013,7054.55,Khamsat,Video Editing,2023-05-30,2023-05
user_0013,10560.92,Upwork,Content Writing,2023-07-06,2023-06
user_0013,5710.19,Khamsat,Accounting,2023-09-09,2023-08
user_0013,6096.75,PeoplePerHour,Data Analysis,2023-10-05,2023-09
user_0013,302.3,Freelancer.com,Web Development,2023-09-27,2023-09
user_0013,1005.8,Mostaql,Video Editing,2023-10-15,2023-09
user_0013,155.87,PeoplePerHour,Mobile Dev,2023-11-11,2023-10
user_0013,10077.47,Khamsat,Mobile Dev,2023-11-13,2023-10
user_0013,1054.67,Freelancer.com,Web Development,2023-12-12,2023-11
user_0013,21055.27,Direct Client,Mobile Dev,2023-12-11,2023-11
user_0013,8518.44,PeoplePerHour,Data Analysis,2024-01-09,2023-12
user_0013,7931.08,Mostaql,Web Development,2024-02-14,2024-01
user_0013,468.72,PeoplePerHour,Video Editing,2024-03-16,2024-02
user_0013,8041.35,Freelancer.com,SEO,2024-03-06,2024-02
user_0013,3752.15,Upwork,Content Writing,2024-04-07,2024-03
user_0013,1516.51,Khamsat,Content Writing,2024-04-10,2024-03
user_0013,1866.42,Upwork,Accounting,2024-03-31,2024-03
user_0013,9412.86,Local Agency,UI/UX,2024-05-03,2024-04
user_0014,7900.45,PeoplePerHour,Video Editing,2022-07-17,2022-07
user_0014,9403.8,Toptal,Mobile Dev,2022-07-06,2022-07
user_0014,2455.24,Upwork,Accounting,2022-08-12,2022-07
user_0014,3623.91,Mostaql,SEO,2022-08-13,2022-07
user_0014,4752.43,Mostaql,SEO,2022-09-15,2022-08
user_0014,2417.98,Freelancer.com,Content Writing,2022-09-06,2022-08
user_0014,118.32,Freelancer.com,Accounting,2022-09-15,2022-08
user_0014,965.42,Mostaql,Video Editing,2022-10-07,2022-09
user_0014,7157.09,Freelancer.com,Graphic Design,2022-10-05,2022-09
user_0014,23075.69,Freelancer.com,Accounting,2022-11-17,2022-10
user_0014,8394.98,PeoplePerHour,Content Writing,2022-12-12,2022-11
user_0014,7948.12,Direct Client,SEO,2023-01-14,2022-12
user_0014,7215.25,Upwork,Accounting,2023-01-31,2023-01
user_0014,539.93,Freelancer.com,Content Writing,2023-03-01,2023-02
user_0014,2482.62,Khamsat,Content Writing,2023-03-07,2023-02
user_0014,3751.43,Freelancer.com,Translation,2023-02-28,2023-02
user_0014,7166.95,Local Agency,Web Development,2023-03-31,2023-03
user_0014,4167.18,Toptal,SEO,2023-05-03,2023-04
user_0014,6302.42,Local Agency,Content Writing,2023-05-07,2023-04
user_0014,15822.67,Upwork,Graphic Design,2023-06-15,2023-05
user_0014,91.36,PeoplePerHour,Translation,2023-06-06,2023-05
user_0014,6795.33,Khamsat,Graphic Design,2023-07-12,2023-06
user_0014,15793.8,Direct Client,Video Editing,2023-07-30,2023-07
user_0014,3884.36,Direct Client,Web Development,2023-07-29,2023-07
user_0014,6626.18,Khamsat,Data Analysis,2023-08-29,2023-08
user_0014,2317.31,Direct Client,Graphic Design,2023-09-09,2023-08
user_0014,7776.54,Local Agency,SEO,2023-10-17,2023-09
user_0014,11370.04,Direct Client,Data Analysis,2023-10-29,2023-10
user_0014,599.41,Khamsat,Content Writing,2023-12-11,2023-11
user_0014,5095.78,Direct Client,Translation,2023-12-18,2023-11
user_0014,5703.52,PeoplePerHour,Accounting,2023-12-31,2023-12
user_0014,1879.11,Toptal,SEO,2023-12-26,2023-12
user_0014,4389.69,Local Agency,Content Writing,2024-01-24,2024-01
user_0014,3139.2,Khamsat,Accounting,2024-01-23,2024-01
user_0014,1080.59,Khamsat,Accounting,2024-02-04,2024-01
user_0014,1475.93,Toptal,Web Development,2024-03-03,2024-02
user_0014,742.65,Mostaql,Video Editing,2024-02-24,2024-02
user_0014,8914.28,Mostaql,Video Editing,2024-03-05,2024-02
user_0014,9119.16,PeoplePerHour,Graphic Design,2024-03-26,2024-03
user_0015,665.42,Freelancer.com,Video Editing,2022-06-14,2022-06
user_0015,30.85,Local Agency,Mobile Dev,2022-07-21,2022-07
user_0015,4082.77,Local Agency,UI/UX,2022-07-07,2022-07
user_0015,208.19,PeoplePerHour,Accounting,2022-07-12,2022-07
user_0015,414.01,Toptal,SEO,2022-08-14,2022-07
user_0015,540.11,Freelancer.com,Content Writing,2022-08-02,2022-07
user_0015,5914.1,Upwork,Accounting,2022-09-06,2022-08
user_0015,11352.07,Toptal,Video Editing,2022-10-07,2022-09
user_0015,5661.92,Direct Client,UI/UX,2022-12-16,2022-11
user_0015,500.0,Freelancer.com,Accounting,2022-12-29,2022-12
user_0015,500.0,Upwork,Video Editing,2023-01-27,2023-01
user_0015,230.02,Mostaql,Mobile Dev,2023-02-27,2023-02
user_0015,2459.65,PeoplePerHour,Web Development,2023-03-15,2023-02
user_0015,749.18,Local Agency,Graphic Design,2023-03-05,2023-02
user_0015,511.09,Upwork,Video Editing,2023-04-21,2023-03
user_0015,353.05,Toptal,Accounting,2023-03-30,2023-03
user_0015,1124.43,Mostaql,Data Analysis,2023-05-12,2023-04
user_0015,2665.06,Upwork,Graphic Design,2023-05-20,2023-04
user_0015,2061.39,Local Agency,UI/UX,2023-04-28,2023-04
user_0015,1555.69,Direct Client,Web Development,2023-06-21,2023-05
user_0015,10393.36,Toptal,Web Development,2023-07-15,2023-06
user_0015,465.33,Mostaql,SEO,2023-08-17,2023-07
user_0015,4467.79,Toptal,UI/UX,2023-08-17,2023-07
user_0015,1121.77,PeoplePerHour,Mobile Dev,2023-10-05,2023-09
user_0015,1485.7,Toptal,Web Development,2023-10-04,2023-09
user_0015,665.36,Direct Client,Graphic Design,2023-10-01,2023-09
user_0015,4058.02,Upwork,Web Development,2023-11-18,2023-10
user_0015,310.4,Direct Client,Web Development,2023-11-16,2023-10
user_0015,2634.69,Khamsat,Content Writing,2024-01-29,2024-01
user_0015,4490.34,Toptal,Translation,2024-02-10,2024-01
user_0015,1563.33,Direct Client,Translation,2024-03-09,2024-02
user_0015,2075.06,Local Agency,Data Analysis,2024-03-29,2024-03
user_0015,1532.47,Khamsat,Mobile Dev,2024-04-02,2024-03
user_0015,410.3,Khamsat,Video Editing,2024-04-07,2024-03
user_0015,1662.57,Local Agency,Data Analysis,2024-05-04,2024-04
user_0016,3745.73,Khamsat,Mobile Dev,2022-06-01,2022-06
user_0016,12796.65,Local Agency,Accounting,2022-07-20,2022-07
user_0016,1348.46,PeoplePerHour,Web Development,2022-08-07,2022-07
user_0016,5141.9,Khamsat,Data Analysis,2022-08-06,2022-07
user_0016,5029.38,PeoplePerHour,Accounting,2022-09-08,2022-08
user_0016,3211.97,Toptal,Data Analysis,2022-09-23,2022-08
user_0016,8158.81,Mostaql,Graphic Design,2022-10-17,2022-09
user_0016,8961.56,Mostaql,UI/UX,2022-11-01,2022-10
user_0016,6259.67,Khamsat,Accounting,2022-12-22,2022-11
user_0016,2678.08,Direct Client,Mobile Dev,2023-01-22,2022-12
user_0016,6620.01,Local Agency,Web Development,2023-02-01,2023-01
user_0016,6215.38,Local Agency,SEO,2023-03-14,2023-02
user_0016,1685.88,Direct Client,UI/UX,2023-03-31,2023-03
user_0016,2312.78,Toptal,SEO,2023-04-09,2023-03
user_0016,7284.36,Freelancer.com,Accounting,2023-05-07,2023-04
user_0016,1621.94,Mostaql,Data Analysis,2023-05-03,2023-04
user_0016,1368.76,Khamsat,Graphic Design,2023-06-11,2023-05
user_0016,6287.87,Toptal,Video Editing,2023-06-13,2023-05
user_0016,264.5,PeoplePerHour,SEO,2023-07-20,2023-06
user_0016,6361.73,Direct Client,SEO,2023-07-02,2023-06
user_0016,1833.29,Mostaql,Web Development,2023-07-07,2023-06
user_0016,6954.26,Khamsat,Video Editing,2023-08-13,2023-07
user_0016,11955.85,Khamsat,Web Development,2023-08-25,2023-08
user_0016,10264.37,Khamsat,Data Analysis,2023-10-16,2023-09
user_0016,1499.51,Local Agency,Accounting,2023-11-15,2023-10
user_0016,3841.12,Local Agency,Translation,2023-11-13,2023-10
user_0016,8538.76,Freelancer.com,Web Development,2023-12-10,2023-11
user_0016,795.34,Upwork,Accounting,2023-12-04,2023-11
user_0016,10073.16,Freelancer.com,SEO,2023-12-27,2023-12
user_0016,106.11,Upwork,Translation,2023-12-26,2023-12
user_0016,10655.43,Upwork,Video Editing,2024-01-28,2024-01
user_0016,6106.03,PeoplePerHour,Content Writing,2024-02-12,2024-01
user_0016,7912.68,Upwork,SEO,2024-03-08,2024-02
user_0016,552.77,Upwork,Graphic Design,2024-03-05,2024-02
user_0016,1865.51,Mostaql,Data Analysis,2024-02-27,2024-02
user_0016,7541.05,Toptal,Content Writing,2024-03-28,2024-03
user_0016,1140.99,Khamsat,UI/UX,2024-04-30,2024-04
user_0016,2283.4,Freelancer.com,Video Editing,2024-05-02,2024-04
user_0016,806.39,Freelancer.com,Accounting,2024-05-05,2024-04
user_0017,1525.3,Upwork,Translation,2022-06-03,2022-06
user_0017,311.06,Direct Client,Mobile Dev,2022-06-19,2022-06
user_0017,523.71,Direct Client,Mobile Dev,2022-07-21,2022-07
user_0017,1959.09,Local Agency,Content Writing,2022-07-23,2022-07
user_0017,4987.77,Freelancer.com,Content Writing,2022-09-05,2022-08
user_0017,8014.75,Local Agency,Translation,2022-10-17,2022-09
user_0017,3361.27,Upwork,Video Editing,2022-10-02,2022-09
user_0017,15249.18,Direct Client,Graphic Design,2022-11-13,2022-10
user_0017,6868.43,Upwork,Accounting,2022-12-16,2022-11
user_0017,6544.71,Direct Client,Accounting,2023-01-11,2022-12
user_0017,1423.93,Local Agency,Web Development,2023-01-22,2022-12
user_0017,5332.79,Mostaql,Video Editing,2023-02-16,2023-01
user_0017,4975.09,Khamsat,UI/UX,2023-03-07,2023-02
user_0017,1814.9,PeoplePerHour,Data Analysis,2023-03-05,2023-02
user_0017,1344.21,Khamsat,Translation,2023-03-19,2023-02
user_0017,9402.99,PeoplePerHour,UI/UX,2023-03-28,2023-03
user_0017,7910.75,Khamsat,Graphic Design,2023-05-10,2023-04
user_0017,107.05,Mostaql,Mobile Dev,2023-06-13,2023-05
user_0017,6247.21,Freelancer.com,Mobile Dev,2023-06-20,2023-05
user_0017,11241.01,Local Agency,Graphic Design,2023-07-12,2023-06
user_0017,7897.74,Mostaql,Video Editing,2023-08-16,2023-07
user_0017,2053.89,Mostaql,Video Editing,2023-08-30,2023-08
user_0017,6241.67,Local Agency,Accounting,2023-09-10,2023-08
user_0017,10705.09,Local Agency,Data Analysis,2023-10-02,2023-09
user_0017,6555.77,PeoplePerHour,Translation,2023-11-16,2023-10
user_0017,964.01,Toptal,Accounting,2023-11-02,2023-10
user_0017,542.39,Upwork,SEO,2023-12-05,2023-11
user_0017,8587.01,Mostaql,Translation,2023-12-04,2023-11
user_0017,24293.86,Khamsat,Data Analysis,2024-01-14,2023-12
user_0017,22407.57,Direct Client,Mobile Dev,2024-02-08,2024-01
user_0017,4702.91,Direct Client,Content Writing,2024-02-23,2024-02
user_0017,3944.18,Upwork,SEO,2024-04-06,2024-03
user_0017,2101.91,Local Agency,Mobile Dev,2024-04-13,2024-03
user_0017,8164.78,Upwork,Video Editing,2024-04-24,2024-04
user_0018,3292.26,Khamsat,UI/UX,2022-07-21,2022-07
user_0018,3155.31,Mostaql,SEO,2022-07-18,2022-07
user_0018,3877.39,Toptal,Data Analysis,2022-08-21,2022-07
user_0018,10280.5,PeoplePerHour,UI/UX,2022-08-04,2022-07
user_0018,10934.95,Khamsat,Accounting,2022-09-22,2022-08
user_0018,4072.59,Freelancer.com,Video Editing,2022-09-17,2022-08
user_0018,7519.28,Mostaql,Data Analysis,2022-10-16,2022-09
user_0018,7011.11,Local Agency,Mobile Dev,2022-12-05,2022-11
user_0018,2977.72,Local Agency,Translation,2023-01-16,2022-12
user_0018,1962.48,Direct Client,SEO,2023-01-10,2022-12
user_0018,1871.04,Toptal,Accounting,2023-01-02,2022-12
user_0018,2935.62,PeoplePerHour,Data Analysis,2023-02-18,2023-01
user_0018,4255.16,PeoplePerHour,Video Editing,2023-02-09,2023-01
user_0018,5465.76,Freelancer.com,Content Writing,2023-03-09,2023-02
user_0018,5717.73,Mostaql,Graphic Design,2023-04-22,2023-03
user_0018,736.47,Local Agency,UI/UX,2023-04-22,2023-03
user_0018,7568.04,PeoplePerHour,UI/UX,2023-05-20,2023-04
user_0018,68.46,Local Agency,Data Analysis,2023-05-04,2023-04
user_0018,20124.33,Freelancer.com,Content Writing,2023-06-09,2023-05
user_0018,4083.72,Mostaql,Graphic Design,2023-08-10,2023-07
user_0018,1229.57,PeoplePerHour,Graphic Design,2023-08-16,2023-07
user_0018,4108.13,Khamsat,Accounting,2023-08-18,2023-07
user_0018,9492.87,Local Agency,SEO,2023-09-13,2023-08
user_0018,2293.36,Local Agency,Data Analysis,2023-09-30,2023-09
user_0018,1248.55,Khamsat,Video Editing,2023-10-11,2023-09
user_0018,5281.76,Toptal,Content Writing,2023-10-01,2023-09
user_0018,2840.17,Upwork,Video Editing,2023-10-24,2023-10
user_0018,6798.13,Freelancer.com,Graphic Design,2023-11-11,2023-10
user_0018,1500.92,Direct Client,Mobile Dev,2023-12-16,2023-11
user_0018,7650.18,Mostaql,Content Writing,2023-12-12,2023-11
user_0018,8977.79,Toptal,Accounting,2024-01-25,2024-01
user_0018,2576.99,Local Agency,Content Writing,2024-03-04,2024-02
user_0018,5888.94,Mostaql,Graphic Design,2024-03-02,2024-02
user_0018,7160.53,Local Agency,Graphic Design,2024-03-30,2024-03
user_0018,9934.2,Freelancer.com,Video Editing,2024-05-11,2024-04
user_0019,224.52,Khamsat,Data Analysis,2022-06-22,2022-06
user_0019,3923.87,Mostaql,Graphic Design,2022-06-25,2022-06
user_0019,5096.75,Toptal,Graphic Design,2022-07-02,2022-07
user_0019,2617.18,Local Agency,Web Development,2022-07-22,2022-07
user_0019,1417.12,Freelancer.com,Video Editing,2022-07-24,2022-07
user_0019,6507.73,Freelancer.com,Accounting,2022-08-21,2022-07
user_0019,4103.97,Local Agency,Video Editing,2022-09-22,2022-08
user_0019,2641.62,Direct Client,Mobile Dev,2022-10-22,2022-09
user_0019,12343.07,PeoplePerHour,SEO,2022-11-12,2022-10
user_0019,7816.71,Toptal,SEO,2022-12-02,2022-11
user_0019,3262.1,Mostaql,SEO,2023-01-09,2022-12
user_0019,177.29,Upwork,SEO,2023-01-08,2022-12
user_0019,7505.68,Mostaql,Mobile Dev,2023-02-14,2023-01
user_0019,5570.82,Direct Client,Web Development,2023-03-08,2023-02
user_0019,4550.01,Khamsat,Mobile Dev,2023-04-14,2023-03
user_0019,2877.3,Local Agency,Accounting,2023-04-03,2023-03
user_0019,5485.0,Local Agency,Web Development,2023-05-02,2023-04
user_0019,638.35,Freelancer.com,Graphic Design,2023-05-08,2023-04
user_0019,585.47,Local Agency,Accounting,2023-05-07,2023-04
user_0019,165.45,Direct Client,SEO,2023-06-21,2023-05
user_0019,5516.56,Upwork,Data Analysis,2023-06-11,2023-05
user_0019,2404.67,Mostaql,Video Editing,2023-06-16,2023-05
user_0019,8235.7,Mostaql,UI/UX,2023-06-29,2023-06
user_0019,1035.18,PeoplePerHour,Accounting,2023-07-30,2023-07
user_0019,10238.64,Freelancer.com,Web Development,2023-08-10,2023-07
user_0019,10815.43,Direct Client,Video Editing,2023-09-04,2023-08
user_0019,10884.31,PeoplePerHour,Accounting,2023-10-02,2023-09
user_0019,68.52,Direct Client,Accounting,2023-11-03,2023-10
user_0019,5255.9,Direct Client,Mobile Dev,2023-11-12,2023-10
user_0019,1986.84,Local Agency,Web Development,2023-11-08,2023-10
user_0019,9446.49,PeoplePerHour,Graphic Design,2023-11-27,2023-11
user_0019,457.4,Khamsat,Graphic Design,2024-01-15,2023-12
user_0019,3956.87,Toptal,Mobile Dev,2024-01-06,2023-12
user_0019,1924.29,Khamsat,Content Writing,2024-01-17,2023-12
user_0019,8061.24,Upwork,Video Editing,2024-01-29,2024-01
user_0019,4942.71,Khamsat,Video Editing,2024-03-17,2024-02
user_0019,1775.63,PeoplePerHour,Accounting,2024-03-07,2024-02
user_0019,6921.92,Freelancer.com,Data Analysis,2024-03-28,2024-03
user_0019,1610.27,Upwork,Mobile Dev,2024-04-14,2024-03
user_0019,8646.2,Toptal,Web Development,2024-05-03,2024-04
user_0020,1930.38,Direct Client,Video Editing,2022-06-19,2022-06
user_0020,2532.34,Direct Client,Video Editing,2022-06-10,2022-06
user_0020,3549.19,Toptal,Data Analysis,2022-06-17,2022-06
user_0020,5784.52,Mostaql,Data Analysis,2022-07-25,2022-07
user_0020,4450.76,PeoplePerHour,UI/UX,2022-07-07,2022-07
user_0020,7548.79,Mostaql,Graphic Design,2022-08-16,2022-07
user_0020,479.52,PeoplePerHour,Content Writing,2022-09-05,2022-08
user_0020,7470.02,Local Agency,Video Editing,2022-09-19,2022-08
user_0020,9217.66,Local Agency,UI/UX,2022-10-17,2022-09
user_0020,12503.04,Toptal,UI/UX,2022-11-01,2022-10
user_0020,11305.96,Local Agency,UI/UX,2022-12-13,2022-11
user_0020,135.35,Khamsat,UI/UX,2022-12-16,2022-11
user_0020,5447.84,Toptal,Mobile Dev,2022-12-16,2022-11
user_0020,6015.08,Freelancer.com,Translation,2023-01-12,2022-12
user_0020,470.44,Toptal,Video Editing,2023-01-10,2022-12
user_0020,7467.26,Upwork,Web Development,2023-02-21,2023-01
user_0020,2420.61,Mostaql,Graphic Design,2023-03-06,2023-02
user_0020,3376.96,Toptal,Mobile Dev,2023-03-21,2023-02
user_0020,7089.12,PeoplePerHour,Accounting,2023-03-31,2023-03
user_0020,7259.81,Khamsat,UI/UX,2023-05-04,2023-04
user_0020,7982.53,PeoplePerHour,Mobile Dev,2023-06-14,2023-05
user_0020,12017.97,Upwork,Content Writing,2023-07-13,2023-06
user_0020,3935.93,Local Agency,Graphic Design,2023-08-03,2023-07
user_0020,5086.62,Direct Client,SEO,2023-07-29,2023-07
user_0020,1303.57,Direct Client,Translation,2023-08-02,2023-07
user_0020,5186.89,Freelancer.com,Web Development,2023-09-02,2023-08
user_0020,1837.07,Khamsat,SEO,2023-09-01,2023-08
user_0020,3147.84,Toptal,Translation,2023-09-12,2023-08
user_0020,11314.45,Local Agency,Translation,2023-10-16,2023-09
user_0020,1071.14,Toptal,Web Development,2023-11-17,2023-10
user_0020,4883.81,Khamsat,Mobile Dev,2023-11-10,2023-10
user_0020,2990.77,Local Agency,SEO,2023-11-14,2023-10
user_0020,9256.82,Toptal,Translation,2023-12-08,2023-11
user_0020,4056.11,Toptal,Content Writing,2024-01-11,2023-12
user_0020,2796.53,Toptal,Mobile Dev,2024-01-17,2023-12
user_0020,7216.82,Khamsat,Mobile Dev,2024-02-13,2024-01
user_0020,284.97,Direct Client,Graphic Design,2024-03-13,2024-02
user_0020,6162.34,Upwork,SEO,2024-03-06,2024-02
user_0020,4044.01,PeoplePerHour,Video Editing,2024-03-10,2024-02
user_0020,7233.13,Freelancer.com,SEO,2024-04-04,2024-03
user_0020,1532.13,PeoplePerHour,Mobile Dev,2024-03-30,2024-03
user_0020,7846.62,Mostaql,Mobile Dev,2024-04-26,2024-04
user_0021,3965.51,Toptal,Data Analysis,2022-06-18,2022-06
user_0021,2872.47,Khamsat,SEO,2022-09-21,2022-08
user_0021,3002.14,Khamsat,Video Editing,2022-09-03,2022-08
user_0021,1225.69,Freelancer.com,UI/UX,2022-09-12,2022-08
user_0021,2053.17,Upwork,Web Development,2022-10-12,2022-09
user_0021,2242.44,PeoplePerHour,Content Writing,2022-10-08,2022-09
user_0021,1045.79,Freelancer.com,Video Editing,2022-11-17,2022-10
user_0021,2340.13,Freelancer.com,Data Analysis,2022-11-01,2022-10
user_0021,1207.88,PeoplePerHour,Video Editing,2022-11-22,2022-10
user_0021,5803.62,Freelancer.com,Mobile Dev,2022-12-23,2022-11
user_0021,552.18,Khamsat,UI/UX,2023-01-29,2023-01
user_0021,1528.81,Khamsat,Graphic Design,2023-02-17,2023-01
user_0021,4244.05,Freelancer.com,Video Editing,2023-03-11,2023-02
user_0021,3633.06,Upwork,Graphic Design,2023-04-15,2023-03
user_0021,6341.52,Khamsat,Content Writing,2023-04-30,2023-04
user_0021,4049.04,PeoplePerHour,Content Writing,2023-05-29,2023-05
user_0021,334.54,Freelancer.com,Web Development,2023-06-01,2023-05
user_0021,2591.66,Direct Client,SEO,2023-07-19,2023-06
user_0021,566.02,Direct Client,Translation,2023-09-18,2023-08
user_0021,4077.76,Direct Client,Web Development,2023-09-11,2023-08
user_0021,7119.23,Khamsat,Video Editing,2023-10-10,2023-09
user_0021,417.13,Direct Client,Accounting,2023-12-01,2023-11
user_0021,82.87,Toptal,Data Analysis,2023-11-26,2023-11
user_0021,395.93,Direct Client,Data Analysis,2024-01-04,2023-12
user_0021,2783.2,Mostaql,Accounting,2024-01-14,2023-12
user_0021,238.31,Freelancer.com,Mobile Dev,2023-12-28,2023-12
user_0021,456.85,Toptal,Content Writing,2024-04-12,2024-03
user_0021,43.15,Khamsat,Graphic Design,2024-03-28,2024-03
user_0021,4650.43,Upwork,SEO,2024-05-13,2024-04
user_0021,803.39,PeoplePerHour,Mobile Dev,2024-04-24,2024-04
user_0022,3669.01,Local Agency,Data Analysis,2022-06-23,2022-06
user_0022,968.26,Toptal,Web Development,2022-07-24,2022-07
user_0022,309.16,Direct Client,SEO,2022-07-20,2022-07
user_0022,5966.86,Freelancer.com,Data Analysis,2022-08-01,2022-07
user_0022,741.6,Khamsat,Graphic Design,2022-09-19,2022-08
user_0022,744.41,Khamsat,Mobile Dev,2022-09-16,2022-08
user_0022,151.59,Toptal,UI/UX,2022-09-06,2022-08
user_0022,1646.73,Toptal,Mobile Dev,2022-10-23,2022-09
user_0022,4756.07,Mostaql,Mobile Dev,2022-10-04,2022-09
user_0022,6789.5,Khamsat,Video Editing,2022-11-12,2022-10
user_0022,5766.62,Khamsat,Content Writing,2022-11-29,2022-11
user_0022,938.81,Upwork,Video Editing,2023-01-08,2022-12
user_0022,2486.52,Local Agency,SEO,2023-01-04,2022-12
user_0022,2530.4,Freelancer.com,Graphic Design,2023-02-12,2023-01
user_0022,36.82,Mostaql,SEO,2023-02-19,2023-01
user_0022,3764.47,Direct Client,Video Editing,2023-02-27,2023-02
user_0022,4072.58,Upwork,SEO,2023-04-21,2023-03
user_0022,2722.42,Direct Client,Graphic Design,2023-05-20,2023-04
user_0022,5515.92,PeoplePerHour,Web Development,2023-06-06,2023-05
user_0022,4862.27,Freelancer.com,Translation,2023-07-14,2023-06
user_0022,7596.71,Mostaql,Accounting,2023-08-15,2023-07
user_0022,1536.94,Khamsat,Data Analysis,2023-08-01,2023-07
user_0022,1666.49,Local Agency,Mobile Dev,2023-08-25,2023-08
user_0022,5522.4,Khamsat,Mobile Dev,2023-09-04,2023-08
user_0022,1020.82,Mostaql,SEO,2023-09-09,2023-08
user_0022,1057.08,Freelancer.com,Video Editing,2023-10-25,2023-10
user_0022,3651.38,Upwork,Accounting,2023-11-07,2023-10
user_0022,126.21,Freelancer.com,Data Analysis,2023-12-11,2023-11
user_0022,763.6,Mostaql,Web Development,2023-12-02,2023-11
user_0022,1178.62,Local Agency,Data Analysis,2023-12-15,2023-11
user_0022,1346.69,Toptal,Accounting,2024-01-14,2023-12
user_0022,1884.23,Toptal,Data Analysis,2024-01-10,2023-12
user_0022,2304.74,Local Agency,Graphic Design,2024-02-14,2024-01
user_0022,958.94,Khamsat,Content Writing,2024-02-07,2024-01
user_0022,4732.16,Direct Client,Content Writing,2024-03-10,2024-02
user_0022,5072.24,Khamsat,Accounting,2024-04-07,2024-03
user_0022,6493.55,Direct Client,Graphic Design,2024-04-26,2024-04
user_0023,13151.11,PeoplePerHour,Mobile Dev,2022-06-10,2022-06
user_0023,8603.79,Mostaql,Graphic Design,2022-07-08,2022-07
user_0023,9682.37,PeoplePerHour,Video Editing,2022-07-31,2022-07
user_0023,9489.74,Mostaql,Graphic Design,2022-09-12,2022-08
user_0023,2330.83,Khamsat,Data Analysis,2022-09-08,2022-08
user_0023,9969.53,Local Agency,Content Writing,2022-10-17,2022-09
user_0023,4170.15,Toptal,Translation,2022-11-05,2022-10
user_0023,4640.04,Local Agency,Data Analysis,2022-11-18,2022-10
user_0023,1660.19,Toptal,Content Writing,2022-11-18,2022-10
user_0023,8561.05,Mostaql,Video Editing,2022-12-21,2022-11
user_0023,643.88,Direct Client,Graphic Design,2022-12-07,2022-11
user_0023,7540.39,Freelancer.com,Content Writing,2023-01-14,2022-12
user_0023,16223.97,Upwork,Data Analysis,2023-02-16,2023-01
user_0023,8698.19,Direct Client,SEO,2023-03-14,2023-02
user_0023,10528.75,Local Agency,Content Writing,2023-03-06,2023-02
user_0023,4795.43,Local Agency,Video Editing,2023-03-04,2023-02
user_0023,6240.33,Freelancer.com,Translation,2023-04-13,2023-03
user_0023,10463.02,PeoplePerHour,Data Analysis,2023-05-11,2023-04
user_0023,5752.03,Mostaql,SEO,2023-06-11,2023-05
user_0023,4412.7,Upwork,Video Editing,2023-05-31,2023-05
user_0023,14809.31,Local Agency,SEO,2023-07-19,2023-06
user_0023,589.7,Direct Client,Graphic Design,2023-07-17,2023-06
user_0023,9475.71,Upwork,UI/UX,2023-07-08,2023-06
user_0023,2959.75,Local Agency,Content Writing,2023-08-15,2023-07
user_0023,3148.55,Local Agency,Mobile Dev,2023-07-28,2023-07
user_0023,5370.11,Local Agency,Mobile Dev,2023-08-01,2023-07
user_0023,4448.97,PeoplePerHour,Content Writing,2023-08-25,2023-08
user_0023,5152.42,Mostaql,Accounting,2023-08-30,2023-08
user_0023,3891.53,Direct Client,SEO,2023-09-12,2023-08
user_0023,10912.45,PeoplePerHour,Accounting,2023-10-19,2023-09
user_0023,64.51,Khamsat,Mobile Dev,2023-09-26,2023-09
user_0023,1003.2,PeoplePerHour,Mobile Dev,2023-11-03,2023-10
user_0023,9411.71,Direct Client,Video Editing,2023-11-18,2023-10
user_0023,223.48,Khamsat,Data Analysis,2023-11-10,2023-10
user_0023,8085.97,Local Agency,Mobile Dev,2023-12-16,2023-11
user_0023,1285.82,Toptal,Data Analysis,2023-11-28,2023-11
user_0023,5685.06,Local Agency,Accounting,2024-01-10,2023-12
user_0023,6423.31,Freelancer.com,Content Writing,2024-01-14,2023-12
user_0023,7033.44,Local Agency,Web Development,2024-01-06,2023-12
user_0023,6585.25,PeoplePerHour,Mobile Dev,2024-01-23,2024-01
user_0023,2153.87,Freelancer.com,Mobile Dev,2024-03-07,2024-02
user_0023,2877.98,PeoplePerHour,Content Writing,2024-03-07,2024-02
user_0023,2822.15,Mostaql,Content Writing,2024-03-29,2024-03
user_0023,4731.48,Freelancer.com,Content Writing,2024-03-22,2024-03
user_0023,1152.39,PeoplePerHour,SEO,2024-04-16,2024-03
user_0023,9425.08,Mostaql,Web Development,2024-04-27,2024-04
user_0024,1227.89,Toptal,Accounting,2022-06-09,2022-06
user_0024,2035.42,Direct Client,Accounting,2022-06-22,2022-06
user_0024,6320.95,Toptal,Accounting,2022-07-17,2022-07
user_0024,4764.77,Khamsat,Video Editing,2022-08-10,2022-07
user_0024,15298.68,Mostaql,Web Development,2022-09-18,2022-08
user_0024,75.1,Toptal,Web Development,2022-10-06,2022-09
user_0024,1696.78,Freelancer.com,Graphic Design,2022-10-10,2022-09
user_0024,5117.06,Freelancer.com,SEO,2022-10-14,2022-09
user_0024,18182.98,Toptal,Mobile Dev,2022-11-22,2022-10
user_0024,2183.31,PeoplePerHour,Mobile Dev,2022-11-11,2022-10
user_0024,7167.94,Khamsat,Video Editing,2022-12-14,2022-11
user_0024,12320.01,Khamsat,Content Writing,2023-01-16,2022-12
user_0024,9259.92,Khamsat,SEO,2023-01-28,2023-01
user_0024,3312.27,Toptal,SEO,2023-03-21,2023-02
user_0024,17353.46,Khamsat,Video Editing,2023-03-28,2023-03
user_0024,5691.19,Upwork,Accounting,2023-05-07,2023-04
user_0024,518.92,Khamsat,Video Editing,2023-05-11,2023-04
user_0024,6252.21,Upwork,SEO,2023-06-15,2023-05
user_0024,3843.28,Direct Client,Video Editing,2023-05-31,2023-05
user_0024,6024.8,Mostaql,SEO,2023-06-30,2023-06
user_0024,9658.87,PeoplePerHour,Accounting,2023-08-15,2023-07
user_0024,9029.42,Toptal,Content Writing,2023-09-16,2023-08
user_0024,17433.32,Local Agency,SEO,2023-10-18,2023-09
user_0024,3865.55,Toptal,Content Writing,2023-11-02,2023-10
user_0024,7262.21,PeoplePerHour,Accounting,2023-11-17,2023-10
user_0024,21095.97,Freelancer.com,Video Editing,2023-11-26,2023-11
user_0024,992.38,Toptal,Web Development,2023-12-31,2023-12
user_0024,8036.38,Upwork,Graphic Design,2023-12-23,2023-12
user_0024,8156.6,Local Agency,UI/UX,2024-02-13,2024-01
user_0024,11555.4,PeoplePerHour,Translation,2024-03-11,2024-02
user_0024,7083.88,Local Agency,Content Writing,2024-03-30,2024-03
user_0024,205.4,Toptal,Data Analysis,2024-04-13,2024-03
user_0024,164.32,Toptal,Graphic Design,2024-03-27,2024-03
user_0024,20113.94,Direct Client,Translation,2024-04-29,2024-04
user_0025,10492.59,Mostaql,Web Development,2022-06-03,2022-06
user_0025,7827.48,PeoplePerHour,Web Development,2022-07-11,2022-07
user_0025,6767.43,Freelancer.com,Video Editing,2022-08-31,2022-08
user_0025,1110.44,PeoplePerHour,Mobile Dev,2022-09-02,2022-08
user_0025,4948.25,Khamsat,Translation,2022-10-10,2022-09
user_0025,817.52,PeoplePerHour,Web Development,2022-10-19,2022-09
user_0025,2384.89,Khamsat,Web Development,2022-10-13,2022-09
user_0025,5982.08,Direct Client,Content Writing,2022-11-20,2022-10
user_0025,2968.11,Upwork,Video Editing,2022-11-12,2022-10
user_0025,5359.4,Direct Client,Graphic Design,2022-11-28,2022-11
user_0025,8361.08,Direct Client,Data Analysis,2023-01-18,2022-12
user_0025,21541.65,Khamsat,Video Editing,2023-01-27,2023-01
user_0025,2134.88,Upwork,Mobile Dev,2023-01-31,2023-01
user_0025,1642.83,Khamsat,Graphic Design,2023-03-22,2023-02
user_0025,6285.7,Khamsat,Accounting,2023-02-28,2023-02
user_0025,1706.49,Mostaql,UI/UX,2023-04-07,2023-03
user_0025,5838.9,PeoplePerHour,Mobile Dev,2023-04-08,2023-03
user_0025,773.51,PeoplePerHour,Content Writing,2023-04-08,2023-03
user_0025,6618.99,Local Agency,Accounting,2023-05-10,2023-04
user_0025,5982.71,Upwork,Graphic Design,2023-06-13,2023-05
user_0025,8683.51,Toptal,Translation,2023-06-13,2023-05
user_0025,25374.66,Khamsat,Content Writing,2023-07-11,2023-06
user_0025,293.98,Khamsat,Data Analysis,2023-08-13,2023-07
user_0025,8694.39,PeoplePerHour,Mobile Dev,2023-08-13,2023-07
user_0025,7889.28,Mostaql,Video Editing,2023-09-18,2023-08
user_0025,5030.47,Freelancer.com,Translation,2023-09-24,2023-09
user_0025,6678.41,Toptal,Video Editing,2023-09-30,2023-09
user_0025,9712.58,Local Agency,UI/UX,2023-10-27,2023-10
user_0025,4360.75,Mostaql,Mobile Dev,2023-12-14,2023-11
user_0025,3798.05,Direct Client,Data Analysis,2023-12-18,2023-11
user_0025,15834.27,Upwork,SEO,2024-01-10,2023-12
user_0025,472.77,Upwork,Video Editing,2024-01-13,2023-12
user_0025,866.03,Toptal,UI/UX,2024-02-08,2024-01
user_0025,177.91,Direct Client,Web Development,2024-01-30,2024-01
user_0025,5360.94,Freelancer.com,Graphic Design,2024-01-26,2024-01
user_0025,4522.24,Upwork,Data Analysis,2024-03-11,2024-02
user_0025,2043.14,PeoplePerHour,Translation,2024-03-13,2024-02
user_0025,3606.63,Local Agency,Video Editing,2024-04-16,2024-03
user_0025,2849.09,Mostaql,Graphic Design,2024-04-09,2024-03
user_0025,4219.38,Mostaql,SEO,2024-04-30,2024-04
user_0025,1151.28,Direct Client,Mobile Dev,2024-04-22,2024-04
user_0026,682.61,Khamsat,Graphic Design,2022-06-16,2022-06
user_0026,2997.41,Upwork,Translation,2022-06-08,2022-06
user_0026,2145.61,Freelancer.com,UI/UX,2022-07-10,2022-07
user_0026,1736.83,Mostaql,Web Development,2022-07-11,2022-07
user_0026,431.54,Toptal,Web Development,2022-08-05,2022-07
user_0026,2637.89,Khamsat,SEO,2022-08-16,2022-07
user_0026,6882.49,Toptal,Graphic Design,2022-09-10,2022-08
user_0026,2258.76,PeoplePerHour,Data Analysis,2022-10-10,2022-09
user_0026,2472.7,Freelancer.com,Video Editing,2022-11-19,2022-10
user_0026,4172.87,Toptal,Data Analysis,2022-10-31,2022-10
user_0026,343.18,Freelancer.com,Accounting,2022-10-31,2022-10
user_0026,8922.73,Upwork,Accounting,2022-12-06,2022-11
user_0026,483.36,Direct Client,Accounting,2023-01-15,2022-12
user_0026,1756.33,Local Agency,UI/UX,2023-01-07,2022-12
user_0026,500.0,Upwork,Content Writing,2023-02-21,2023-01
user_0026,1305.69,Local Agency,Graphic Design,2023-03-30,2023-03
user_0026,483.59,Freelancer.com,Content Writing,2023-04-01,2023-03
user_0026,2420.43,Toptal,Accounting,2023-05-21,2023-04
user_0026,1596.64,Local Agency,UI/UX,2023-05-09,2023-04
user_0026,3618.77,Local Agency,Mobile Dev,2023-06-12,2023-05
user_0026,2472.69,Mostaql,Content Writing,2023-08-20,2023-07
user_0026,881.73,PeoplePerHour,Accounting,2023-09-08,2023-08
user_0026,3501.28,Local Agency,UI/UX,2023-09-10,2023-08
user_0026,96.63,Khamsat,Mobile Dev,2023-09-30,2023-09
user_0026,2316.26,Freelancer.com,SEO,2023-09-27,2023-09
user_0026,519.54,PeoplePerHour,Content Writing,2023-11-14,2023-10
user_0026,50.56,Freelancer.com,Content Writing,2023-10-31,2023-10
user_0026,4447.72,Mostaql,Graphic Design,2023-10-25,2023-10
user_0026,3827.07,Local Agency,SEO,2023-12-04,2023-11
user_0026,1382.43,Khamsat,Translation,2024-01-17,2023-12
user_0026,775.98,Upwork,Web Development,2023-12-23,2023-12
user_0026,1492.11,Toptal,Translation,2024-03-09,2024-02
user_0026,859.01,Freelancer.com,SEO,2024-03-31,2024-03
user_0026,46.89,Toptal,Video Editing,2024-03-28,2024-03
user_0026,3253.26,Upwork,Web Development,2024-05-01,2024-04
user_0027,4106.7,Mostaql,Web Development,2022-07-23,2022-07
user_0027,6789.02,Direct Client,UI/UX,2022-09-09,2022-08
user_0027,1272.45,Upwork,Video Editing,2022-10-19,2022-09
user_0027,182.16,Upwork,Video Editing,2022-11-05,2022-10
user_0027,212.42,Mostaql,SEO,2022-11-15,2022-10
user_0027,698.29,Mostaql,Accounting,2022-11-23,2022-10
user_0027,3005.52,Toptal,Content Writing,2022-12-15,2022-11
user_0027,18.08,Mostaql,UI/UX,2023-01-04,2022-12
user_0027,280.74,Toptal,Mobile Dev,2023-01-03,2022-12
user_0027,1332.85,Local Agency,SEO,2023-01-03,2022-12
user_0027,500.0,Toptal,Content Writing,2023-01-30,2023-01
user_0027,500.0,Freelancer.com,Web Development,2023-03-07,2023-02
user_0027,197.62,Mostaql,Mobile Dev,2023-04-22,2023-03
user_0027,2666.54,Mostaql,Graphic Design,2023-04-04,2023-03
user_0027,404.4,PeoplePerHour,Content Writing,2023-05-04,2023-04
user_0027,308.57,Freelancer.com,UI/UX,2023-05-11,2023-04
user_0027,3251.49,Upwork,SEO,2023-06-18,2023-05
user_0027,180.44,Local Agency,SEO,2023-06-11,2023-05
user_0027,471.04,Upwork,UI/UX,2023-08-30,2023-08
user_0027,1604.23,Freelancer.com,Data Analysis,2023-09-10,2023-08
user_0027,4451.04,Local Agency,SEO,2023-10-13,2023-09
user_0027,500.0,Toptal,Accounting,2023-12-11,2023-11
user_0027,204.22,PeoplePerHour,Translation,2024-01-01,2023-12
user_0027,295.78,Upwork,Content Writing,2023-12-28,2023-12
user_0027,3292.45,Toptal,Content Writing,2024-02-03,2024-01
user_0027,1681.44,PeoplePerHour,Accounting,2024-02-10,2024-01
user_0027,500.0,Mostaql,Video Editing,2024-03-01,2024-02
user_0027,2329.39,Upwork,Translation,2024-04-11,2024-03
user_0027,4877.46,Khamsat,Content Writing,2024-04-14,2024-03
user_0027,1567.43,Local Agency,Content Writing,2024-05-11,2024-04
user_0028,2322.14,Local Agency,Data Analysis,2022-06-20,2022-06
user_0028,517.14,PeoplePerHour,Graphic Design,2022-06-11,2022-06
user_0028,4249.98,Direct Client,Video Editing,2022-06-23,2022-06
user_0028,8952.59,Freelancer.com,Translation,2022-07-16,2022-07
user_0028,581.2,Freelancer.com,Graphic Design,2022-08-13,2022-07
user_0028,8264.55,Toptal,Data Analysis,2022-08-24,2022-07
user_0028,9535.06,Direct Client,Accounting,2022-09-08,2022-08
user_0028,7268.54,Direct Client,UI/UX,2022-10-14,2022-09
user_0028,7442.58,Direct Client,Mobile Dev,2022-11-14,2022-10
user_0028,6779.63,Khamsat,Graphic Design,2022-11-28,2022-11
user_0028,608.78,Direct Client,UI/UX,2023-01-08,2022-12
user_0028,6345.88,Toptal,Web Development,2023-01-17,2022-12
user_0028,8495.87,Mostaql,SEO,2023-01-02,2022-12
user_0028,8904.84,Khamsat,Graphic Design,2023-01-28,2023-01
user_0028,3527.73,Upwork,Video Editing,2023-02-28,2023-02
user_0028,1688.3,Local Agency,Content Writing,2023-03-12,2023-02
user_0028,948.78,Khamsat,Data Analysis,2023-02-26,2023-02
user_0028,13525.45,Khamsat,Graphic Design,2023-04-19,2023-03
user_0028,9898.46,Direct Client,Content Writing,2023-04-15,2023-03
user_0028,8834.35,Freelancer.com,Web Development,2023-05-14,2023-04
user_0028,10833.43,Mostaql,Content Writing,2023-06-16,2023-05
user_0028,11998.91,Local Agency,Content Writing,2023-07-14,2023-06
user_0028,1064.74,Toptal,Mobile Dev,2023-08-13,2023-07
user_0028,6787.86,Mostaql,Video Editing,2023-07-31,2023-07
user_0028,656.02,Local Agency,Data Analysis,2023-07-28,2023-07
user_0028,10538.81,Direct Client,Content Writing,2023-09-16,2023-08
user_0028,1811.82,Upwork,Mobile Dev,2023-09-25,2023-09
user_0028,5470.81,Toptal,UI/UX,2023-10-03,2023-09
user_0028,6578.17,Upwork,Content Writing,2023-11-08,2023-10
user_0028,5838.14,Mostaql,Web Development,2023-11-24,2023-11
user_0028,2779.98,PeoplePerHour,Mobile Dev,2023-11-24,2023-11
user_0028,1325.01,PeoplePerHour,Mobile Dev,2023-12-25,2023-12
user_0028,6659.77,Upwork,Web Development,2024-01-05,2023-12
user_0028,7760.09,Freelancer.com,Translation,2024-01-23,2024-01
user_0028,2086.38,Upwork,Translation,2024-02-21,2024-02
user_0028,6237.49,Local Agency,Graphic Design,2024-02-27,2024-02
user_0028,7983.11,Mostaql,Graphic Design,2024-03-27,2024-03
user_0028,1460.55,Direct Client,UI/UX,2024-03-25,2024-03
user_0028,1538.68,Freelancer.com,SEO,2024-05-06,2024-04
user_0028,8162.99,Mostaql,Content Writing,2024-05-06,2024-04
user_0029,7908.44,Toptal,Accounting,2022-06-04,2022-06
user_0029,7511.53,Toptal,UI/UX,2022-07-25,2022-07
user_0029,1059.63,Local Agency,Data Analysis,2022-07-12,2022-07
user_0029,11046.66,PeoplePerHour,Graphic Design,2022-08-14,2022-07
user_0029,9431.91,Mostaql,Graphic Design,2022-09-10,2022-08
user_0029,2874.66,Mostaql,SEO,2022-10-08,2022-09
user_0029,6775.7,Upwork,Translation,2022-10-01,2022-09
user_0029,12802.52,Khamsat,Content Writing,2022-11-18,2022-10
user_0029,7882.62,Direct Client,Accounting,2022-12-01,2022-11
user_0029,960.35,Khamsat,UI/UX,2022-12-02,2022-11
user_0029,9150.34,Khamsat,Graphic Design,2022-12-28,2022-12
user_0029,6216.06,PeoplePerHour,Mobile Dev,2023-01-27,2023-01
user_0029,881.18,Mostaql,Graphic Design,2023-01-28,2023-01
user_0029,17682.19,Toptal,Data Analysis,2023-03-23,2023-02
user_0029,8590.53,PeoplePerHour,Mobile Dev,2023-04-16,2023-03
user_0029,17082.16,Khamsat,Translation,2023-04-30,2023-04
user_0029,9066.97,Toptal,Graphic Design,2023-06-12,2023-05
user_0029,11482.22,Freelancer.com,Content Writing,2023-07-19,2023-06
user_0029,19329.37,Freelancer.com,Content Writing,2023-08-20,2023-07
user_0029,1237.83,Freelancer.com,Video Editing,2023-09-10,2023-08
user_0029,7102.71,Khamsat,Content Writing,2023-09-05,2023-08
user_0029,12479.68,Local Agency,Content Writing,2023-10-15,2023-09
user_0029,8900.55,Khamsat,SEO,2023-11-18,2023-10
user_0029,6822.45,Toptal,Translation,2023-12-01,2023-11
user_0029,13657.09,Direct Client,Web Development,2024-01-06,2023-12
user_0029,5722.29,Khamsat,Translation,2024-02-16,2024-01
user_0029,9793.88,Upwork,Mobile Dev,2024-03-13,2024-02
user_0029,3815.19,Upwork,Content Writing,2024-04-07,2024-03
user_0029,248.82,Khamsat,Graphic Design,2024-04-05,2024-03
user_0029,3218.98,PeoplePerHour,Translation,2024-03-31,2024-03
user_0029,12437.3,PeoplePerHour,Data Analysis,2024-04-26,2024-04
user_0030,4085.48,Toptal,Graphic Design,2022-06-07,2022-06
user_0030,5918.28,Khamsat,Data Analysis,2022-06-01,2022-06
user_0030,1138.49,Freelancer.com,SEO,2022-06-23,2022-06
user_0030,7532.53,PeoplePerHour,Data Analysis,2022-07-13,2022-07
user_0030,2980.02,Freelancer.com,Mobile Dev,2022-07-10,2022-07
user_0030,4799.1,PeoplePerHour,Translation,2022-08-12,2022-07
user_0030,6063.99,Upwork,SEO,2022-08-13,2022-07
user_0030,8426.1,Mostaql,Accounting,2022-09-08,2022-08
user_0030,2843.95,Freelancer.com,Translation,2022-10-24,2022-09
user_0030,4069.46,PeoplePerHour,Graphic Design,2022-10-09,2022-09
user_0030,663.29,Local Agency,Web Development,2022-10-15,2022-09
user_0030,8609.51,Direct Client,Content Writing,2022-11-17,2022-10
user_0030,6709.44,Direct Client,Translation,2022-12-07,2022-11
user_0030,2833.11,Khamsat,Data Analysis,2022-12-07,2022-11
user_0030,1077.62,Local Agency,Content Writing,2022-11-30,2022-11
user_0030,3070.11,Direct Client,UI/UX,2023-01-22,2022-12
user_0030,5676.11,Khamsat,Translation,2023-01-09,2022-12
user_0030,6886.35,PeoplePerHour,Mobile Dev,2023-02-05,2023-01
user_0030,7692.49,Upwork,Data Analysis,2023-03-16,2023-02
user_0030,7567.34,Khamsat,Graphic Design,2023-04-20,2023-03
user_0030,1741.39,Upwork,Web Development,2023-04-17,2023-03
user_0030,2593.12,PeoplePerHour,Translation,2023-05-17,2023-04
user_0030,2347.79,Khamsat,Content Writing,2023-05-20,2023-04
user_0030,153.04,Toptal,Data Analysis,2023-04-29,2023-04
user_0030,988.94,Upwork,Accounting,2023-06-21,2023-05
user_0030,7872.39,Direct Client,Translation,2023-06-20,2023-05
user_0030,6647.34,Local Agency,SEO,2023-07-05,2023-06
user_0030,11338.68,Khamsat,Data Analysis,2023-08-11,2023-07
user_0030,24432.53,Local Agency,Video Editing,2023-09-18,2023-08
user_0030,9601.06,Mostaql,SEO,2023-10-08,2023-09
user_0030,1085.58,Freelancer.com,Video Editing,2023-11-18,2023-10
user_0030,636.75,Khamsat,Graphic Design,2023-11-14,2023-10
user_0030,9863.42,PeoplePerHour,UI/UX,2023-11-09,2023-10
user_0030,2071.32,Local Agency,Translation,2023-11-27,2023-11
user_0030,2297.61,Mostaql,Accounting,2023-12-15,2023-11
user_0030,274.15,Upwork,UI/UX,2023-11-26,2023-11
user_0030,17556.41,Toptal,Web Development,2024-01-09,2023-12
user_0030,2709.99,Direct Client,Video Editing,2024-01-01,2023-12
user_0030,9159.89,Direct Client,Mobile Dev,2024-01-23,2024-01
user_0030,5345.4,Direct Client,Web Development,2024-02-28,2024-02
user_0030,4395.0,Local Agency,Translation,2024-03-04,2024-02
user_0030,1969.83,Mostaql,Content Writing,2024-03-25,2024-03
user_0030,16438.35,Mostaql,SEO,2024-04-14,2024-03
user_0030,1027.34,Khamsat,Graphic Design,2024-05-11,2024-04
user_0030,1135.81,Upwork,UI/UX,2024-05-10,2024-04
user_0030,5098.17,Toptal,Video Editing,2024-05-05,2024-04
user_0031,6783.91,Local Agency,Translation,2022-06-01,2022-06
user_0031,3503.53,Upwork,UI/UX,2022-07-16,2022-07
user_0031,500.0,Direct Client,Graphic Design,2022-08-20,2022-07
user_0031,6644.9,PeoplePerHour,Mobile Dev,2022-09-01,2022-08
user_0031,4597.27,Toptal,SEO,2022-10-24,2022-09
user_0031,89.34,Toptal,Content Writing,2022-10-03,2022-09
user_0031,3366.01,PeoplePerHour,Mobile Dev,2022-10-29,2022-10
user_0031,1869.06,Mostaql,SEO,2022-10-29,2022-10
user_0031,1889.01,Upwork,Mobile Dev,2023-01-11,2022-12
user_0031,7129.04,Toptal,Web Development,2023-01-09,2022-12
user_0031,500.0,Toptal,SEO,2023-01-28,2023-01
user_0031,2475.99,Freelancer.com,SEO,2023-03-02,2023-02
user_0031,8315.24,Upwork,Accounting,2023-04-03,2023-03
user_0031,2561.13,Mostaql,Video Editing,2023-05-27,2023-05
user_0031,2335.34,Local Agency,Video Editing,2023-08-19,2023-07
user_0031,1011.85,Local Agency,Accounting,2023-08-13,2023-07
user_0031,1492.01,Toptal,Web Development,2023-08-30,2023-08
user_0031,973.18,Toptal,Web Development,2023-08-26,2023-08
user_0031,228.2,Khamsat,Video Editing,2023-11-08,2023-10
user_0031,4007.49,Khamsat,Accounting,2023-11-01,2023-10
user_0031,2728.72,Khamsat,Data Analysis,2023-12-12,2023-11
user_0031,2951.07,Direct Client,UI/UX,2023-12-03,2023-11
user_0031,2650.29,Toptal,Video Editing,2024-02-08,2024-01
user_0031,1313.56,PeoplePerHour,SEO,2024-03-01,2024-02
user_0031,6882.79,PeoplePerHour,Content Writing,2024-04-16,2024-03
user_0032,3186.96,Local Agency,Data Analysis,2022-06-14,2022-06
user_0032,5060.4,Direct Client,Web Development,2022-07-15,2022-07
user_0032,1894.68,Toptal,Content Writing,2022-07-13,2022-07
user_0032,410.16,Freelancer.com,Video Editing,2022-08-21,2022-07
user_0032,913.43,Freelancer.com,Translation,2022-08-02,2022-07
user_0032,3221.79,Mostaql,Data Analysis,2022-08-17,2022-07
user_0032,3140.54,Khamsat,SEO,2022-09-09,2022-08
user_0032,982.7,Upwork,SEO,2022-09-18,2022-08
user_0032,5747.34,Direct Client,Translation,2022-10-03,2022-09
user_0032,6495.87,Mostaql,Content Writing,2022-10-29,2022-10
user_0032,2287.18,Local Agency,Accounting,2022-11-05,2022-10
user_0032,42.61,Upwork,SEO,2022-10-30,2022-10
user_0032,4511.12,Local Agency,Web Development,2022-12-15,2022-11
user_0032,1454.71,Khamsat,Translation,2022-12-19,2022-11
user_0032,2320.98,Local Agency,SEO,2022-12-30,2022-12
user_0032,375.59,PeoplePerHour,Video Editing,2023-01-12,2022-12
user_0032,845.92,Upwork,Translation,2023-02-13,2023-01
user_0032,2640.68,Direct Client,Translation,2023-02-19,2023-01
user_0032,5897.73,Freelancer.com,Video Editing,2023-02-12,2023-01
user_0032,1675.04,Khamsat,Video Editing,2023-03-15,2023-02
user_0032,5446.65,Toptal,Content Writing,2023-03-14,2023-02
user_0032,4136.06,Local Agency,SEO,2023-04-14,2023-03
user_0032,4831.63,Upwork,Content Writing,2023-04-03,2023-03
user_0032,3087.42,Direct Client,Accounting,2023-05-01,2023-04
user_0032,12597.52,Upwork,Video Editing,2023-06-17,2023-05
user_0032,2844.15,Freelancer.com,UI/UX,2023-06-19,2023-05
user_0032,6252.71,Toptal,Graphic Design,2023-07-14,2023-06
user_0032,7371.07,Upwork,SEO,2023-08-10,2023-07
user_0032,8961.14,Upwork,Graphic Design,2023-08-07,2023-07
user_0032,854.03,Mostaql,SEO,2023-10-12,2023-09
user_0032,10815.04,Direct Client,Mobile Dev,2023-10-11,2023-09
user_0032,482.53,Khamsat,Accounting,2023-11-06,2023-10
user_0032,5318.37,Upwork,Mobile Dev,2023-11-07,2023-10
user_0032,14081.11,Toptal,UI/UX,2023-12-12,2023-11
user_0032,1561.17,PeoplePerHour,Video Editing,2023-12-29,2023-12
user_0032,142.43,Local Agency,Web Development,2024-01-14,2023-12
user_0032,3498.28,Local Agency,Translation,2024-01-17,2023-12
user_0032,5306.83,Freelancer.com,Video Editing,2024-01-28,2024-01
user_0032,2294.13,PeoplePerHour,Web Development,2024-02-01,2024-01
user_0032,5141.43,PeoplePerHour,Content Writing,2024-02-22,2024-02
user_0032,3898.87,Direct Client,UI/UX,2024-04-12,2024-03
user_0032,3561.39,Khamsat,Data Analysis,2024-03-30,2024-03
user_0033,1484.18,Freelancer.com,Web Development,2022-07-15,2022-07
user_0033,3977.68,Toptal,Web Development,2022-08-04,2022-07
user_0033,8332.43,Freelancer.com,Data Analysis,2022-08-30,2022-08
user_0033,312.0,Toptal,Translation,2022-09-16,2022-08
user_0033,5031.93,Toptal,Data Analysis,2022-10-03,2022-09
user_0033,2222.54,Toptal,Mobile Dev,2022-11-07,2022-10
user_0033,1011.76,Khamsat,Translation,2022-11-16,2022-10
user_0033,1610.36,Mostaql,Video Editing,2022-11-10,2022-10
user_0033,1060.26,Mostaql,SEO,2022-12-18,2022-11
user_0033,1789.86,Khamsat,Video Editing,2022-12-20,2022-11
user_0033,998.79,Freelancer.com,Translation,2023-01-16,2022-12
user_0033,1537.33,Khamsat,Web Development,2023-01-01,2022-12
user_0033,5333.9,Freelancer.com,Graphic Design,2023-02-17,2023-01
user_0033,200.81,Khamsat,Accounting,2023-03-20,2023-02
user_0033,282.07,Freelancer.com,Accounting,2023-03-12,2023-02
user_0033,17.11,Local Agency,Web Development,2023-03-11,2023-02
user_0033,1350.26,Direct Client,Accounting,2023-04-07,2023-03
user_0033,978.72,Upwork,Graphic Design,2023-07-14,2023-06
user_0033,2259.42,Direct Client,Accounting,2023-07-08,2023-06
user_0033,2509.93,Freelancer.com,Mobile Dev,2023-08-19,2023-07
user_0033,1359.41,Toptal,Translation,2023-09-09,2023-08
user_0033,1029.15,Freelancer.com,Data Analysis,2023-10-11,2023-09
user_0033,6246.56,Khamsat,Graphic Design,2023-09-25,2023-09
user_0033,888.47,Direct Client,Web Development,2023-11-08,2023-10
user_0033,309.82,Khamsat,UI/UX,2023-10-26,2023-10
user_0033,913.56,Freelancer.com,SEO,2023-10-26,2023-10
user_0033,986.51,Freelancer.com,Web Development,2024-01-13,2023-12
user_0033,2627.08,Khamsat,Content Writing,2023-12-24,2023-12
user_0033,5591.38,Toptal,Graphic Design,2024-02-04,2024-01
user_0033,1009.32,Upwork,Graphic Design,2024-02-03,2024-01
user_0033,3453.38,Freelancer.com,Mobile Dev,2024-02-25,2024-02
user_0033,1565.99,Khamsat,Content Writing,2024-03-31,2024-03
user_0033,1027.72,Direct Client,Video Editing,2024-03-23,2024-03
user_0033,145.09,Freelancer.com,SEO,2024-03-28,2024-03
user_0034,943.84,Mostaql,Mobile Dev,2022-06-19,2022-06
user_0034,2758.37,Freelancer.com,Mobile Dev,2022-06-23,2022-06
user_0034,7256.18,Khamsat,SEO,2022-06-05,2022-06
user_0034,5414.14,Toptal,Accounting,2022-07-13,2022-07
user_0034,3811.8,Mostaql,Translation,2022-07-07,2022-07
user_0034,9923.01,Direct Client,Translation,2022-08-15,2022-07
user_0034,5262.53,Direct Client,UI/UX,2022-09-09,2022-08
user_0034,753.2,Upwork,Graphic Design,2022-09-03,2022-08
user_0034,3793.31,Khamsat,Web Development,2022-09-02,2022-08
user_0034,10264.8,Toptal,Data Analysis,2022-10-12,2022-09
user_0034,1028.07,PeoplePerHour,Graphic Design,2022-11-05,2022-10
user_0034,8083.17,Mostaql,Translation,2022-11-23,2022-10
user_0034,1654.26,Direct Client,Translation,2022-12-05,2022-11
user_0034,7741.39,Toptal,Video Editing,2022-12-09,2022-11
user_0034,605.25,Toptal,Accounting,2022-12-22,2022-11
user_0034,1194.25,Khamsat,Accounting,2023-01-13,2022-12
user_0034,7103.72,Mostaql,Content Writing,2023-01-10,2022-12
user_0034,7696.52,Freelancer.com,Web Development,2023-02-07,2023-01
user_0034,7593.96,Mostaql,Accounting,2023-03-11,2023-02
user_0034,31.5,Mostaql,Web Development,2023-03-31,2023-03
user_0034,5706.24,Mostaql,Translation,2023-04-10,2023-03
user_0034,2248.5,Local Agency,Content Writing,2023-04-10,2023-03
user_0034,9332.99,Local Agency,Accounting,2023-04-27,2023-04
user_0034,4769.57,Freelancer.com,Content Writing,2023-05-31,2023-05
user_0034,276.32,Freelancer.com,Data Analysis,2023-06-14,2023-05
user_0034,2813.98,PeoplePerHour,Web Development,2023-06-09,2023-05
user_0034,7933.94,Local Agency,UI/UX,2023-07-11,2023-06
user_0034,123.47,Upwork,Data Analysis,2023-08-16,2023-07
user_0034,6257.37,Local Agency,Accounting,2023-08-06,2023-07
user_0034,3546.19,Mostaql,Video Editing,2023-08-09,2023-07
user_0034,1577.19,Local Agency,Web Development,2023-08-26,2023-08
user_0034,6013.25,Direct Client,Accounting,2023-08-31,2023-08
user_0034,475.45,Direct Client,Mobile Dev,2023-09-28,2023-09
user_0034,22471.19,Mostaql,Web Development,2023-10-08,2023-09
user_0034,10142.47,Toptal,Translation,2023-10-26,2023-10
user_0034,10298.7,Toptal,Mobile Dev,2023-11-29,2023-11
user_0034,368.63,Toptal,Mobile Dev,2024-01-17,2023-12
user_0034,9132.83,Freelancer.com,Graphic Design,2023-12-23,2023-12
user_0034,5177.29,Upwork,UI/UX,2024-01-22,2024-01
user_0034,1859.48,Khamsat,Content Writing,2024-01-31,2024-01
user_0034,4298.18,Direct Client,Mobile Dev,2024-03-09,2024-02
user_0034,2206.33,Direct Client,SEO,2024-03-16,2024-02
user_0034,294.81,Toptal,Web Development,2024-03-06,2024-02
user_0034,223.0,Toptal,Translation,2024-04-13,2024-03
user_0034,5438.87,Freelancer.com,Mobile Dev,2024-04-14,2024-03
user_0034,2502.99,Upwork,Video Editing,2024-04-03,2024-03
user_0034,3560.96,Mostaql,Web Development,2024-05-04,2024-04
user_0034,2411.53,PeoplePerHour,SEO,2024-05-08,2024-04
user_0034,3607.43,Upwork,Graphic Design,2024-04-29,2024-04
user_0035,9412.58,PeoplePerHour,SEO,2022-06-22,2022-06
user_0035,6048.77,Toptal,UI/UX,2022-07-24,2022-07
user_0035,5045.25,Khamsat,Video Editing,2022-08-09,2022-07
user_0035,7387.96,Toptal,UI/UX,2022-09-11,2022-08
user_0035,8388.31,Direct Client,Data Analysis,2022-10-15,2022-09
user_0035,830.92,PeoplePerHour,UI/UX,2022-11-05,2022-10
user_0035,1144.98,Mostaql,SEO,2022-11-11,2022-10
user_0035,756.3,PeoplePerHour,Mobile Dev,2022-12-07,2022-11
user_0035,2152.77,Upwork,Translation,2022-12-02,2022-11
user_0035,657.29,PeoplePerHour,UI/UX,2022-12-13,2022-11
user_0035,2194.57,Direct Client,Content Writing,2023-01-06,2022-12
user_0035,160.59,Toptal,Accounting,2023-01-21,2022-12
user_0035,640.76,Direct Client,Data Analysis,2023-01-14,2022-12
user_0035,2553.69,PeoplePerHour,UI/UX,2023-02-15,2023-01
user_0035,3636.19,PeoplePerHour,Web Development,2023-01-28,2023-01
user_0035,1815.57,PeoplePerHour,Web Development,2023-02-27,2023-02
user_0035,500.0,Upwork,Web Development,2023-04-02,2023-03
user_0035,915.82,Direct Client,Accounting,2023-05-21,2023-04
user_0035,6.96,Local Agency,Translation,2023-04-28,2023-04
user_0035,9.69,Local Agency,Content Writing,2023-05-04,2023-04
user_0035,2027.3,PeoplePerHour,Web Development,2023-06-21,2023-05
user_0035,6485.86,PeoplePerHour,UI/UX,2023-06-30,2023-06
user_0035,3268.66,Upwork,Data Analysis,2023-07-30,2023-07
user_0035,7717.06,Direct Client,Video Editing,2023-09-03,2023-08
user_0035,1390.07,Freelancer.com,Content Writing,2023-09-01,2023-08
user_0035,3678.95,Direct Client,Mobile Dev,2023-10-15,2023-09
user_0035,463.2,Local Agency,Accounting,2023-10-18,2023-09
user_0035,4327.8,Freelancer.com,Graphic Design,2023-11-18,2023-10
user_0035,500.0,Toptal,Video Editing,2023-12-28,2023-12
user_0035,1582.72,Toptal,SEO,2024-02-08,2024-01
user_0035,863.63,Upwork,UI/UX,2024-03-14,2024-02
user_0035,4289.74,PeoplePerHour,Video Editing,2024-04-13,2024-03
user_0035,2500.75,Toptal,Web Development,2024-05-15,2024-04
user_0036,6065.98,Freelancer.com,Accounting,2022-06-09,2022-06
user_0036,3365.89,Direct Client,Web Development,2022-06-17,2022-06
user_0036,7886.44,Toptal,Video Editing,2022-07-08,2022-07
user_0036,23704.1,Khamsat,Data Analysis,2022-08-25,2022-07
user_0036,274.93,Mostaql,Web Development,2022-09-07,2022-08
user_0036,4147.55,Khamsat,Mobile Dev,2022-09-04,2022-08
user_0036,5197.71,PeoplePerHour,Web Development,2022-09-24,2022-08
user_0036,8886.43,Freelancer.com,Graphic Design,2022-10-21,2022-09
user_0036,5908.26,Toptal,Data Analysis,2022-11-08,2022-10
user_0036,1654.95,Khamsat,Graphic Design,2022-10-29,2022-10
user_0036,4980.57,Freelancer.com,Mobile Dev,2022-12-17,2022-11
user_0036,5651.53,Upwork,Video Editing,2022-12-12,2022-11
user_0036,7063.59,Freelancer.com,Accounting,2023-01-07,2022-12
user_0036,7663.75,Freelancer.com,Web Development,2023-01-29,2023-01
user_0036,7962.91,Mostaql,Accounting,2023-03-06,2023-02
user_0036,2153.6,Direct Client,Translation,2023-04-02,2023-03
user_0036,5209.28,Toptal,SEO,2023-04-09,2023-03
user_0036,8028.27,Mostaql,Accounting,2023-05-02,2023-04
user_0036,9222.31,Khamsat,Graphic Design,2023-06-14,2023-05
user_0036,9960.65,Direct Client,Accounting,2023-07-20,2023-06
user_0036,294.25,Upwork,Accounting,2023-07-17,2023-06
user_0036,8073.64,Mostaql,Data Analysis,2023-08-03,2023-07
user_0036,6137.9,Toptal,Mobile Dev,2023-10-02,2023-09
user_0036,3914.17,Khamsat,UI/UX,2023-09-30,2023-09
user_0036,13517.16,Local Agency,Video Editing,2023-10-30,2023-10
user_0036,1136.9,Khamsat,Web Development,2023-12-06,2023-11
user_0036,7084.62,Toptal,Video Editing,2023-12-09,2023-11
user_0036,10298.56,Mostaql,SEO,2024-01-09,2023-12
user_0036,4114.43,Upwork,Translation,2024-02-01,2024-01
user_0036,2597.08,Direct Client,Video Editing,2024-01-30,2024-01
user_0036,27353.03,PeoplePerHour,Accounting,2024-03-16,2024-02
user_0036,6992.56,Upwork,Mobile Dev,2024-04-11,2024-03
user_0036,3944.3,Khamsat,Video Editing,2024-05-04,2024-04
user_0036,4257.05,PeoplePerHour,Accounting,2024-04-27,2024-04
user_0037,6441.58,Toptal,Content Writing,2022-06-12,2022-06
user_0037,8212.18,Local Agency,UI/UX,2022-06-08,2022-06
user_0037,1541.84,PeoplePerHour,SEO,2022-07-13,2022-07
user_0037,819.54,Direct Client,Graphic Design,2022-07-23,2022-07
user_0037,5252.86,Mostaql,Content Writing,2022-08-20,2022-07
user_0037,14318.85,Direct Client,UI/UX,2022-09-22,2022-08
user_0037,9292.64,Khamsat,Translation,2022-10-17,2022-09
user_0037,13844.58,Upwork,Mobile Dev,2022-11-14,2022-10
user_0037,4278.83,PeoplePerHour,Mobile Dev,2022-12-14,2022-11
user_0037,1691.32,Mostaql,Accounting,2022-12-15,2022-11
user_0037,17012.64,Upwork,Video Editing,2023-01-11,2022-12
user_0037,4613.66,PeoplePerHour,Graphic Design,2023-02-14,2023-01
user_0037,824.43,Toptal,Translation,2023-02-19,2023-01
user_0037,7005.6,Toptal,Translation,2023-03-02,2023-02
user_0037,5768.48,Khamsat,UI/UX,2023-02-26,2023-02
user_0037,2950.21,Toptal,Video Editing,2023-04-20,2023-03
user_0037,1598.82,Mostaql,Accounting,2023-04-09,2023-03
user_0037,5971.26,Mostaql,Content Writing,2023-05-18,2023-04
user_0037,775.93,Mostaql,UI/UX,2023-05-13,2023-04
user_0037,8160.32,Mostaql,Mobile Dev,2023-06-02,2023-05
user_0037,20124.16,Khamsat,SEO,2023-07-09,2023-06
user_0037,2934.71,Toptal,Translation,2023-07-11,2023-06
user_0037,8087.82,Direct Client,Translation,2023-08-05,2023-07
user_0037,8122.65,Local Agency,Video Editing,2023-09-12,2023-08
user_0037,1100.63,Freelancer.com,Mobile Dev,2023-08-29,2023-08
user_0037,5188.85,PeoplePerHour,Video Editing,2023-10-04,2023-09
user_0037,2255.2,Mostaql,UI/UX,2023-10-13,2023-09
user_0037,1255.16,Local Agency,Data Analysis,2023-10-16,2023-09
user_0037,9013.13,Freelancer.com,Data Analysis,2023-11-14,2023-10
user_0037,1255.26,Toptal,Translation,2023-11-28,2023-11
user_0037,2381.98,Freelancer.com,Graphic Design,2023-12-03,2023-11
user_0037,5620.73,Local Agency,SEO,2023-12-18,2023-11
user_0037,1851.59,PeoplePerHour,Graphic Design,2024-01-03,2023-12
user_0037,3469.07,PeoplePerHour,SEO,2024-01-16,2023-12
user_0037,2921.42,Direct Client,Web Development,2024-02-04,2024-01
user_0037,14079.26,Upwork,Accounting,2024-02-16,2024-01
user_0037,8571.15,Upwork,Graphic Design,2024-02-26,2024-02
user_0037,2774.48,Direct Client,Web Development,2024-03-04,2024-02
user_0037,4941.27,Mostaql,Content Writing,2024-04-11,2024-03
user_0037,4120.4,Mostaql,Content Writing,2024-03-30,2024-03
user_0037,5383.1,Khamsat,Accounting,2024-04-27,2024-04
user_0037,1293.99,Local Agency,SEO,2024-04-26,2024-04
user_0038,1596.91,Direct Client,Content Writing,2022-06-08,2022-06
user_0038,650.13,Local Agency,Video Editing,2022-07-24,2022-07
user_0038,1089.84,Local Agency,Data Analysis,2022-07-25,2022-07
user_0038,2869.2,Khamsat,UI/UX,2022-08-09,2022-07
user_0038,2196.38,Khamsat,Translation,2022-08-01,2022-07
user_0038,7122.11,PeoplePerHour,SEO,2022-09-01,2022-08
user_0038,8408.36,PeoplePerHour,Accounting,2022-11-12,2022-10
user_0038,2476.32,Freelancer.com,Graphic Design,2022-12-01,2022-11
user_0038,2227.68,PeoplePerHour,Data Analysis,2023-02-10,2023-01
user_0038,2858.23,Local Agency,Content Writing,2023-03-02,2023-02
user_0038,3489.69,PeoplePerHour,Data Analysis,2023-04-13,2023-03
user_0038,278.26,Upwork,Accounting,2023-05-15,2023-04
user_0038,3299.45,Khamsat,SEO,2023-05-13,2023-04
user_0038,2638.37,Toptal,Accounting,2023-06-09,2023-05
user_0038,2291.86,Toptal,Graphic Design,2023-07-16,2023-06
user_0038,382.01,Mostaql,SEO,2023-07-02,2023-06
user_0038,1151.97,Local Agency,Web Development,2023-07-21,2023-06
user_0038,1026.8,Local Agency,Accounting,2023-08-09,2023-07
user_0038,543.77,Local Agency,Web Development,2023-08-06,2023-07
user_0038,388.96,Direct Client,Accounting,2023-08-19,2023-07
user_0038,6107.53,Local Agency,Translation,2023-09-01,2023-08
user_0038,1511.99,Freelancer.com,Graphic Design,2023-10-08,2023-09
user_0038,1431.65,Local Agency,Mobile Dev,2023-09-25,2023-09
user_0038,5671.54,Mostaql,Content Writing,2023-11-06,2023-10
user_0038,751.78,Upwork,SEO,2023-11-14,2023-10
user_0038,1729.43,Direct Client,Content Writing,2023-12-02,2023-11
user_0038,1423.09,Direct Client,Mobile Dev,2023-11-30,2023-11
user_0038,838.61,Mostaql,Mobile Dev,2023-11-24,2023-11
user_0038,5464.77,Upwork,SEO,2024-01-04,2023-12
user_0038,58.58,Khamsat,Mobile Dev,2024-02-03,2024-01
user_0038,1952.39,Upwork,SEO,2024-02-12,2024-01
user_0038,3605.82,Toptal,Video Editing,2024-03-06,2024-02
user_0038,500.0,PeoplePerHour,Mobile Dev,2024-04-07,2024-03
user_0038,2858.84,Khamsat,Data Analysis,2024-05-03,2024-04
user_0039,2331.86,PeoplePerHour,Graphic Design,2022-06-20,2022-06
user_0039,2144.07,Khamsat,Video Editing,2022-06-21,2022-06
user_0039,5020.16,Freelancer.com,Data Analysis,2022-07-15,2022-07
user_0039,4140.92,Toptal,UI/UX,2022-08-13,2022-07
user_0039,3742.6,PeoplePerHour,Translation,2022-09-16,2022-08
user_0039,11619.29,PeoplePerHour,SEO,2022-10-10,2022-09
user_0039,21.23,Upwork,Translation,2022-10-31,2022-10
user_0039,1971.22,Mostaql,Web Development,2022-11-04,2022-10
user_0039,2645.1,Upwork,Content Writing,2022-11-21,2022-10
user_0039,9636.47,Direct Client,Mobile Dev,2022-12-08,2022-11
user_0039,7325.52,Upwork,Mobile Dev,2023-01-04,2022-12
user_0039,2724.64,Mostaql,SEO,2023-03-23,2023-02
user_0039,7628.78,Upwork,Graphic Design,2023-04-01,2023-03
user_0039,7558.62,Khamsat,Video Editing,2023-05-08,2023-04
user_0039,1460.29,Upwork,UI/UX,2023-06-05,2023-05
user_0039,1458.24,Upwork,Accounting,2023-06-19,2023-05
user_0039,190.5,Direct Client,Accounting,2023-06-14,2023-05
user_0039,6923.89,Local Agency,Content Writing,2023-07-12,2023-06
user_0039,14737.04,Khamsat,Mobile Dev,2023-08-20,2023-07
user_0039,7140.93,Freelancer.com,Data Analysis,2023-08-25,2023-08
user_0039,4812.15,Local Agency,Data Analysis,2023-09-24,2023-09
user_0039,1080.9,Local Agency,Accounting,2023-09-27,2023-09
user_0039,9384.9,Toptal,Video Editing,2023-10-12,2023-09
user_0039,9574.43,Local Agency,Mobile Dev,2023-11-09,2023-10
user_0039,749.27,Mostaql,Video Editing,2023-11-28,2023-11
user_0039,5103.89,Local Agency,Video Editing,2023-11-27,2023-11
user_0039,12924.24,Direct Client,Data Analysis,2023-12-27,2023-12
user_0039,808.79,Mostaql,Video Editing,2024-02-24,2024-02
user_0039,1316.47,PeoplePerHour,UI/UX,2024-02-23,2024-02
user_0039,258.18,Upwork,Data Analysis,2024-03-10,2024-02
user_0039,1624.76,Upwork,Video Editing,2024-04-15,2024-03
user_0039,266.39,Toptal,SEO,2024-03-24,2024-03
user_0039,104.7,Direct Client,Accounting,2024-04-26,2024-04
user_0039,395.3,Local Agency,UI/UX,2024-04-25,2024-04
user_0040,3208.46,Khamsat,UI/UX,2022-06-06,2022-06
user_0040,424.69,Freelancer.com,Web Development,2022-08-05,2022-07
user_0040,7107.99,Direct Client,Graphic Design,2022-08-15,2022-07
user_0040,982.42,Khamsat,UI/UX,2022-09-10,2022-08
user_0040,838.18,Mostaql,Content Writing,2022-09-10,2022-08
user_0040,664.28,Freelancer.com,SEO,2023-01-05,2022-12
user_0040,10235.53,Mostaql,Translation,2023-01-18,2022-12
user_0040,440.99,Toptal,Video Editing,2023-02-16,2023-01
user_0040,1992.7,Mostaql,Accounting,2023-01-29,2023-01
user_0040,2752.76,PeoplePerHour,Video Editing,2023-02-19,2023-01
user_0040,2820.48,Freelancer.com,Web Development,2023-03-09,2023-02
user_0040,512.31,Khamsat,Content Writing,2023-04-21,2023-03
user_0040,4961.82,Toptal,Content Writing,2023-04-01,2023-03
user_0040,6524.91,Mostaql,Content Writing,2023-05-11,2023-04
user_0040,700.27,Direct Client,Data Analysis,2023-05-27,2023-05
user_0040,4840.22,Mostaql,Data Analysis,2023-06-17,2023-05
user_0040,567.4,Freelancer.com,SEO,2023-07-14,2023-06
user_0040,2154.98,Mostaql,UI/UX,2023-07-20,2023-06
user_0040,161.88,Freelancer.com,SEO,2023-09-01,2023-08
user_0040,4571.95,Toptal,Accounting,2023-09-19,2023-08
user_0040,514.06,Upwork,Mobile Dev,2023-10-03,2023-09
user_0040,2136.58,Upwork,Data Analysis,2023-09-30,2023-09
user_0040,6576.29,Toptal,Graphic Design,2023-10-24,2023-10
user_0040,2452.31,Khamsat,Data Analysis,2023-11-23,2023-11
user_0040,4823.66,Freelancer.com,Translation,2024-01-02,2023-12
user_0040,527.14,Mostaql,UI/UX,2024-02-13,2024-01
user_0040,3701.53,Mostaql,Data Analysis,2024-01-22,2024-01
user_0040,104.08,Freelancer.com,Video Editing,2024-01-25,2024-01
user_0040,1074.79,Toptal,Graphic Design,2024-04-04,2024-03
user_0040,629.96,Direct Client,Graphic Design,2024-04-14,2024-03
user_0040,453.79,Mostaql,Video Editing,2024-04-01,2024-03
user_0040,140.98,Upwork,Video Editing,2024-04-25,2024-04
user_0040,5889.07,Direct Client,Translation,2024-05-07,2024-04
user_0041,9439.32,PeoplePerHour,Graphic Design,2022-06-02,2022-06
user_0041,2895.68,Upwork,Translation,2022-07-01,2022-07
user_0041,6091.58,Freelancer.com,Translation,2022-07-02,2022-07
user_0041,7192.46,PeoplePerHour,Web Development,2022-07-31,2022-07
user_0041,2099.33,PeoplePerHour,Data Analysis,2022-08-04,2022-07
user_0041,9262.25,Direct Client,Accounting,2022-09-19,2022-08
user_0041,442.71,Upwork,Graphic Design,2022-09-04,2022-08
user_0041,883.2,Local Agency,Data Analysis,2022-11-09,2022-10
user_0041,6216.7,Local Agency,Video Editing,2022-11-18,2022-10
user_0041,1373.08,Direct Client,Accounting,2022-11-18,2022-10
user_0041,2087.04,Khamsat,Data Analysis,2022-12-12,2022-11
user_0041,4097.18,Mostaql,Video Editing,2022-12-22,2022-11
user_0041,3901.37,Khamsat,Content Writing,2023-01-21,2022-12
user_0041,454.36,Khamsat,Graphic Design,2022-12-29,2022-12
user_0041,3205.4,Local Agency,Data Analysis,2023-02-02,2023-01
user_0041,3525.5,PeoplePerHour,Graphic Design,2023-01-28,2023-01
user_0041,9478.7,Direct Client,Translation,2023-03-22,2023-02
user_0041,6954.88,Local Agency,SEO,2023-04-15,2023-03
user_0041,1172.84,Upwork,UI/UX,2023-05-21,2023-04
user_0041,5466.24,PeoplePerHour,Translation,2023-05-07,2023-04
user_0041,4516.63,Freelancer.com,Translation,2023-05-21,2023-04
user_0041,3316.86,Khamsat,Accounting,2023-06-12,2023-05
user_0041,4220.13,Toptal,UI/UX,2023-06-19,2023-05
user_0041,2325.53,Upwork,Mobile Dev,2023-06-27,2023-06
user_0041,6347.52,PeoplePerHour,UI/UX,2023-07-21,2023-06
user_0041,12111.23,Local Agency,Data Analysis,2023-08-06,2023-07
user_0041,19434.69,Mostaql,Data Analysis,2023-08-31,2023-08
user_0041,2980.86,Direct Client,Video Editing,2023-09-05,2023-08
user_0041,1271.6,Freelancer.com,Graphic Design,2023-09-27,2023-09
user_0041,7801.46,Upwork,UI/UX,2023-10-16,2023-09
user_0041,9255.81,Khamsat,SEO,2023-11-10,2023-10
user_0041,853.57,PeoplePerHour,Accounting,2023-12-14,2023-11
user_0041,5808.45,Mostaql,Graphic Design,2023-11-30,2023-11
user_0041,6699.28,Direct Client,Web Development,2024-01-08,2023-12
user_0041,1899.04,Khamsat,UI/UX,2024-02-11,2024-01
user_0041,2268.23,Upwork,Content Writing,2024-01-22,2024-01
user_0041,7613.46,Local Agency,Content Writing,2024-03-03,2024-02
user_0041,3694.49,Local Agency,UI/UX,2024-05-09,2024-04
user_0041,5712.6,Mostaql,Graphic Design,2024-04-24,2024-04
user_0042,655.47,Direct Client,Mobile Dev,2022-06-04,2022-06
user_0042,2608.04,Mostaql,Web Development,2022-06-26,2022-06
user_0042,2599.76,Direct Client,Data Analysis,2022-06-25,2022-06
user_0042,8413.9,Local Agency,Graphic Design,2022-07-01,2022-07
user_0042,82.83,Upwork,Translation,2022-08-11,2022-07
user_0042,7124.87,PeoplePerHour,Content Writing,2022-08-14,2022-07
user_0042,6369.22,Freelancer.com,SEO,2022-09-06,2022-08
user_0042,7958.17,Local Agency,UI/UX,2022-10-05,2022-09
user_0042,14409.97,Upwork,Video Editing,2022-11-22,2022-10
user_0042,8448.9,Local Agency,Web Development,2022-11-22,2022-10
user_0042,3231.66,Direct Client,Web Development,2022-12-10,2022-11
user_0042,9.42,Toptal,Translation,2022-12-11,2022-11
user_0042,9185.45,Toptal,SEO,2023-02-15,2023-01
user_0042,493.72,Direct Client,Mobile Dev,2023-03-22,2023-02
user_0042,6.28,Local Agency,Web Development,2023-03-20,2023-02
user_0042,4596.24,Upwork,Accounting,2023-04-27,2023-04
user_0042,1857.13,Freelancer.com,Data Analysis,2023-05-12,2023-04
user_0042,7365.81,Direct Client,Data Analysis,2023-06-01,2023-05
user_0042,16370.99,Local Agency,Data Analysis,2023-07-13,2023-06
user_0042,2028.89,Direct Client,Accounting,2023-08-12,2023-07
user_0042,4741.84,Mostaql,Mobile Dev,2023-08-15,2023-07
user_0042,6976.58,Local Agency,Content Writing,2023-09-12,2023-08
user_0042,14195.11,Mostaql,Video Editing,2023-10-11,2023-09
user_0042,7223.55,Freelancer.com,Mobile Dev,2023-11-03,2023-10
user_0042,17290.84,Direct Client,Data Analysis,2023-11-23,2023-11
user_0042,12187.19,Direct Client,UI/UX,2024-01-09,2023-12
user_0042,2078.09,Mostaql,Mobile Dev,2024-01-28,2024-01
user_0042,13336.88,Upwork,Web Development,2024-02-08,2024-01
user_0042,7033.08,Khamsat,SEO,2024-03-03,2024-02
user_0042,7036.57,Local Agency,Data Analysis,2024-04-14,2024-03
user_0042,4266.18,Toptal,Mobile Dev,2024-03-25,2024-03
user_0042,18129.36,PeoplePerHour,Video Editing,2024-05-05,2024-04
user_0043,270.86,Local Agency,Mobile Dev,2022-07-24,2022-07
user_0043,1595.93,Toptal,Mobile Dev,2022-07-13,2022-07
user_0043,3960.68,Local Agency,Mobile Dev,2022-08-12,2022-07
user_0043,661.44,Direct Client,Data Analysis,2022-09-22,2022-08
user_0043,1731.14,Freelancer.com,SEO,2022-10-18,2022-09
user_0043,412.12,Toptal,Web Development,2022-10-20,2022-09
user_0043,3757.19,Khamsat,UI/UX,2022-10-29,2022-10
user_0043,308.31,Local Agency,Mobile Dev,2022-11-28,2022-11
user_0043,1248.66,Mostaql,SEO,2022-12-21,2022-11
user_0043,6394.96,Khamsat,Translation,2022-12-07,2022-11
user_0043,1275.76,Direct Client,Translation,2023-01-19,2022-12
user_0043,1639.2,PeoplePerHour,Accounting,2023-01-13,2022-12
user_0043,1220.63,Upwork,Accounting,2023-02-09,2023-01
user_0043,2117.33,Khamsat,Video Editing,2023-03-11,2023-02
user_0043,3446.07,Local Agency,Mobile Dev,2023-04-08,2023-03
user_0043,1855.51,Khamsat,Translation,2023-05-06,2023-04
user_0043,125.8,Direct Client,Mobile Dev,2023-05-22,2023-04
user_0043,1735.09,Local Agency,UI/UX,2023-05-14,2023-04
user_0043,1238.24,PeoplePerHour,Content Writing,2023-06-18,2023-05
user_0043,2367.27,Upwork,Video Editing,2023-06-12,2023-05
user_0043,2230.07,Direct Client,Translation,2023-07-13,2023-06
user_0043,187.98,Khamsat,Translation,2023-07-13,2023-06
user_0043,2412.0,Freelancer.com,Accounting,2023-07-10,2023-06
user_0043,4869.71,Khamsat,Mobile Dev,2023-08-09,2023-07
user_0043,606.47,PeoplePerHour,Web Development,2023-08-03,2023-07
user_0043,4742.13,Upwork,SEO,2023-08-31,2023-08
user_0043,2423.96,Toptal,Data Analysis,2023-09-25,2023-09
user_0043,5102.92,Direct Client,Data Analysis,2023-11-01,2023-10
user_0043,824.95,Direct Client,Video Editing,2023-11-17,2023-10
user_0043,6765.06,Mostaql,Graphic Design,2023-11-26,2023-11
user_0043,2109.46,Local Agency,Graphic Design,2024-01-08,2023-12
user_0043,1572.89,Upwork,Mobile Dev,2023-12-23,2023-12
user_0043,783.9,Toptal,Web Development,2024-02-03,2024-01
user_0043,3037.55,Upwork,Mobile Dev,2024-01-31,2024-01
user_0043,1843.55,Freelancer.com,Graphic Design,2024-03-05,2024-02
user_0043,4401.9,Upwork,Mobile Dev,2024-04-01,2024-03
user_0043,1905.4,PeoplePerHour,UI/UX,2024-05-01,2024-04
user_0044,6296.81,Toptal,Accounting,2022-06-21,2022-06
user_0044,10429.97,Upwork,SEO,2022-06-06,2022-06
user_0044,8600.8,PeoplePerHour,Mobile Dev,2022-07-09,2022-07
user_0044,2698.65,Direct Client,Video Editing,2022-08-08,2022-07
user_0044,5353.59,Khamsat,Accounting,2022-08-16,2022-07
user_0044,7050.48,Khamsat,SEO,2022-09-15,2022-08
user_0044,8315.17,Upwork,SEO,2022-10-02,2022-09
user_0044,3906.35,Upwork,Data Analysis,2022-11-13,2022-10
user_0044,6975.61,Direct Client,SEO,2022-11-15,2022-10
user_0044,8500.78,Toptal,Video Editing,2022-12-20,2022-11
user_0044,7316.5,PeoplePerHour,Accounting,2023-01-14,2022-12
user_0044,1365.1,Mostaql,Graphic Design,2023-01-05,2022-12
user_0044,3544.0,Direct Client,SEO,2023-01-30,2023-01
user_0044,911.61,Toptal,Video Editing,2023-02-02,2023-01
user_0044,8638.9,Local Agency,Translation,2023-03-11,2023-02
user_0044,5221.36,Toptal,Graphic Design,2023-04-14,2023-03
user_0044,8048.86,Freelancer.com,Accounting,2023-05-05,2023-04
user_0044,707.63,Khamsat,Content Writing,2023-05-27,2023-05
user_0044,6405.71,Local Agency,Content Writing,2023-06-09,2023-05
user_0044,1857.51,Direct Client,Accounting,2023-06-02,2023-05
user_0044,9015.88,Freelancer.com,Video Editing,2023-07-08,2023-06
user_0044,18400.53,PeoplePerHour,Data Analysis,2023-07-29,2023-07
user_0044,10373.06,Khamsat,Translation,2023-09-07,2023-08
user_0044,13607.37,Mostaql,Graphic Design,2023-09-13,2023-08
user_0044,9605.55,Toptal,Graphic Design,2023-09-24,2023-09
user_0044,5272.78,Local Agency,Accounting,2023-11-01,2023-10
user_0044,5609.69,Khamsat,Accounting,2023-10-24,2023-10
user_0044,27262.07,Upwork,SEO,2023-12-09,2023-11
user_0044,6411.74,Direct Client,SEO,2024-01-13,2023-12
user_0044,3790.09,Freelancer.com,Web Development,2024-02-03,2024-01
user_0044,3671.34,Mostaql,Mobile Dev,2024-02-16,2024-01
user_0044,8565.82,Upwork,Video Editing,2024-02-26,2024-02
user_0044,2016.58,Khamsat,Video Editing,2024-03-27,2024-03
user_0044,2187.87,Local Agency,Graphic Design,2024-04-10,2024-03
user_0044,8898.42,Local Agency,Accounting,2024-05-12,2024-04
user_0045,19614.21,Mostaql,SEO,2022-06-02,2022-06
user_0045,1692.54,Direct Client,Mobile Dev,2022-07-24,2022-07
user_0045,21481.69,Toptal,Mobile Dev,2022-07-19,2022-07
user_0045,20518.78,Local Agency,UI/UX,2022-08-07,2022-07
user_0045,1418.91,Freelancer.com,UI/UX,2022-08-05,2022-07
user_0045,9879.48,Freelancer.com,SEO,2022-09-13,2022-08
user_0045,10324.59,Mostaql,Web Development,2022-10-07,2022-09
user_0045,4727.22,Khamsat,Content Writing,2022-11-03,2022-10
user_0045,335.23,Toptal,SEO,2022-11-21,2022-10
user_0045,6681.5,Khamsat,Data Analysis,2022-12-11,2022-11
user_0045,37.63,Khamsat,Translation,2022-11-28,2022-11
user_0045,1711.11,Local Agency,Accounting,2023-01-02,2022-12
user_0045,4460.15,Toptal,Mobile Dev,2023-01-10,2022-12
user_0045,8429.83,Local Agency,Translation,2023-01-29,2023-01
user_0045,4319.32,Khamsat,SEO,2023-03-03,2023-02
user_0045,1257.49,Local Agency,Graphic Design,2023-03-14,2023-02
user_0045,5917.32,Direct Client,Accounting,2023-04-16,2023-03
user_0045,6202.57,PeoplePerHour,SEO,2023-05-07,2023-04
user_0045,7959.6,Upwork,Content Writing,2023-06-04,2023-05
user_0045,2140.15,Toptal,Data Analysis,2023-06-26,2023-06
user_0045,5456.66,Toptal,SEO,2023-07-20,2023-06
user_0045,4021.77,Mostaql,Content Writing,2023-07-29,2023-07
user_0045,4871.2,Mostaql,Mobile Dev,2023-08-13,2023-07
user_0045,471.27,Mostaql,Data Analysis,2023-09-14,2023-08
user_0045,4535.7,Local Agency,Content Writing,2023-09-06,2023-08
user_0045,7126.59,Upwork,Mobile Dev,2023-08-30,2023-08
user_0045,2373.75,Khamsat,Web Development,2023-10-18,2023-09
user_0045,8235.94,Freelancer.com,Mobile Dev,2023-10-06,2023-09
user_0045,8645.92,PeoplePerHour,Translation,2023-11-09,2023-10
user_0045,19937.1,Toptal,Video Editing,2023-12-11,2023-11
user_0045,6145.38,PeoplePerHour,Translation,2024-01-13,2023-12
user_0045,7434.81,PeoplePerHour,Graphic Design,2024-02-02,2024-01
user_0045,8275.3,Local Agency,SEO,2024-03-15,2024-02
user_0045,5370.13,Toptal,Mobile Dev,2024-03-28,2024-03
user_0045,3650.73,Local Agency,Web Development,2024-03-27,2024-03
user_0045,2364.96,Direct Client,Data Analysis,2024-05-02,2024-04
user_0045,1169.11,Khamsat,Content Writing,2024-05-16,2024-04
user_0045,4791.13,Upwork,Data Analysis,2024-04-22,2024-04
user_0046,7961.83,Khamsat,Content Writing,2022-06-14,2022-06
user_0046,1289.11,Mostaql,Data Analysis,2022-06-13,2022-06
user_0046,6622.3,PeoplePerHour,Data Analysis,2022-06-11,2022-06
user_0046,4518.49,PeoplePerHour,Data Analysis,2022-07-08,2022-07
user_0046,8812.7,Toptal,Accounting,2022-07-26,2022-07
user_0046,8505.75,Mostaql,Content Writing,2022-07-23,2022-07
user_0046,11362.06,Local Agency,Mobile Dev,2022-08-02,2022-07
user_0046,11070.24,PeoplePerHour,Data Analysis,2022-08-31,2022-08
user_0046,7429.63,Direct Client,Accounting,2022-10-24,2022-09
user_0046,6480.5,PeoplePerHour,Graphic Design,2022-11-16,2022-10
user_0046,3360.02,Freelancer.com,Content Writing,2022-12-18,2022-11
user_0046,11008.45,Toptal,Graphic Design,2023-02-06,2023-01
user_0046,14490.58,Freelancer.com,UI/UX,2023-03-19,2023-02
user_0046,7109.95,Direct Client,Mobile Dev,2023-04-03,2023-03
user_0046,6432.82,PeoplePerHour,Accounting,2023-05-01,2023-04
user_0046,100.01,Freelancer.com,Video Editing,2023-05-22,2023-04
user_0046,2073.24,Freelancer.com,Translation,2023-06-13,2023-05
user_0046,3739.05,Freelancer.com,Video Editing,2023-06-16,2023-05
user_0046,5856.28,Local Agency,UI/UX,2023-06-19,2023-05
user_0046,10234.73,Mostaql,Content Writing,2023-07-05,2023-06
user_0046,6425.45,Freelancer.com,Graphic Design,2023-06-28,2023-06
user_0046,990.97,Freelancer.com,Data Analysis,2023-08-11,2023-07
user_0046,14065.74,Khamsat,Web Development,2023-07-29,2023-07
user_0046,824.96,Toptal,Accounting,2023-09-05,2023-08
user_0046,4939.69,Direct Client,Accounting,2023-09-12,2023-08
user_0046,4098.13,Upwork,Graphic Design,2023-09-28,2023-09
user_0046,4542.43,Khamsat,Web Development,2023-11-07,2023-10
user_0046,3106.31,Khamsat,SEO,2023-12-02,2023-11
user_0046,6552.07,Toptal,SEO,2023-12-12,2023-11
user_0046,4522.89,Mostaql,Translation,2024-01-09,2023-12
user_0046,6164.32,Toptal,Translation,2024-02-12,2024-01
user_0046,946.31,Toptal,Data Analysis,2024-02-24,2024-02
user_0046,396.21,Freelancer.com,Video Editing,2024-02-29,2024-02
user_0046,4669.86,Freelancer.com,Mobile Dev,2024-03-25,2024-03
user_0046,1834.84,PeoplePerHour,Content Writing,2024-03-23,2024-03
user_0046,2947.01,Mostaql,Mobile Dev,2024-05-08,2024-04
user_0046,1029.78,Mostaql,UI/UX,2024-04-30,2024-04
user_0047,197.51,Khamsat,Content Writing,2022-06-10,2022-06
user_0047,1587.78,Freelancer.com,UI/UX,2022-06-14,2022-06
user_0047,6320.04,PeoplePerHour,UI/UX,2022-07-15,2022-07
user_0047,7642.8,PeoplePerHour,Web Development,2022-08-20,2022-07
user_0047,5832.02,Khamsat,Web Development,2022-09-20,2022-08
user_0047,448.45,Direct Client,Content Writing,2022-09-04,2022-08
user_0047,2200.74,Upwork,Mobile Dev,2022-10-10,2022-09
user_0047,2186.4,PeoplePerHour,Content Writing,2022-10-20,2022-09
user_0047,1104.05,Upwork,Translation,2022-11-08,2022-10
user_0047,11551.98,Freelancer.com,Accounting,2022-11-20,2022-10
user_0047,334.28,Direct Client,Video Editing,2022-12-23,2022-11
user_0047,5968.41,Khamsat,Content Writing,2022-12-06,2022-11
user_0047,2899.19,Local Agency,Translation,2023-01-12,2022-12
user_0047,2640.01,Khamsat,Data Analysis,2023-01-05,2022-12
user_0047,2204.95,Khamsat,SEO,2023-01-28,2023-01
user_0047,1707.36,Upwork,Web Development,2023-02-05,2023-01
user_0047,725.17,Mostaql,SEO,2023-03-14,2023-02
user_0047,2081.77,Toptal,Content Writing,2023-03-07,2023-02
user_0047,4860.72,Direct Client,Translation,2023-04-08,2023-03
user_0047,6738.1,PeoplePerHour,Data Analysis,2023-05-14,2023-04
user_0047,1802.75,Toptal,Web Development,2023-05-17,2023-04
user_0047,156.04,Freelancer.com,Content Writing,2023-05-15,2023-04
user_0047,5028.09,Mostaql,Video Editing,2023-06-10,2023-05
user_0047,786.95,Toptal,Web Development,2023-07-15,2023-06
user_0047,7446.28,Toptal,Web Development,2023-06-28,2023-06
user_0047,3940.26,Mostaql,Data Analysis,2023-08-02,2023-07
user_0047,4215.75,Upwork,Translation,2023-08-09,2023-07
user_0047,1254.61,Mostaql,SEO,2023-08-13,2023-07
user_0047,5315.07,Freelancer.com,Translation,2023-09-19,2023-08
user_0047,4081.17,Direct Client,Graphic Design,2023-09-03,2023-08
user_0047,1626.55,Toptal,Web Development,2023-09-15,2023-08
user_0047,1841.23,Khamsat,Mobile Dev,2023-10-01,2023-09
user_0047,5301.48,Khamsat,Data Analysis,2023-10-15,2023-09
user_0047,3710.52,Direct Client,SEO,2023-10-28,2023-10
user_0047,5059.66,Local Agency,Accounting,2023-10-26,2023-10
user_0047,6405.78,Khamsat,Accounting,2023-12-03,2023-11
user_0047,2947.81,PeoplePerHour,Accounting,2023-12-15,2023-11
user_0047,2782.63,Mostaql,Translation,2023-12-26,2023-12
user_0047,5704.93,Direct Client,Graphic Design,2024-01-15,2023-12
user_0047,6587.58,Mostaql,Translation,2024-02-12,2024-01
user_0047,1061.5,Freelancer.com,UI/UX,2024-02-14,2024-01
user_0047,1659.69,Upwork,Content Writing,2024-02-29,2024-02
user_0047,5609.74,Direct Client,SEO,2024-02-27,2024-02
user_0047,159.8,Mostaql,Translation,2024-03-13,2024-02
user_0047,116.54,Upwork,Data Analysis,2024-03-30,2024-03
user_0047,7929.24,Khamsat,SEO,2024-03-23,2024-03
user_0047,1355.89,PeoplePerHour,Graphic Design,2024-04-01,2024-03
user_0047,9833.08,Freelancer.com,Web Development,2024-04-23,2024-04
user_0048,775.21,Direct Client,SEO,2022-06-19,2022-06
user_0048,1475.69,Khamsat,Content Writing,2022-06-26,2022-06
user_0048,3328.43,PeoplePerHour,Graphic Design,2022-06-14,2022-06
user_0048,6031.62,Upwork,Graphic Design,2022-07-16,2022-07
user_0048,6123.98,Freelancer.com,Accounting,2022-08-15,2022-07
user_0048,1671.47,Upwork,Accounting,2022-08-24,2022-07
user_0048,7551.73,Mostaql,Web Development,2022-08-10,2022-07
user_0048,7718.37,Mostaql,Graphic Design,2022-09-02,2022-08
user_0048,4430.52,Upwork,Data Analysis,2022-10-17,2022-09
user_0048,3744.59,Toptal,Content Writing,2022-10-10,2022-09
user_0048,472.52,Mostaql,Content Writing,2022-11-11,2022-10
user_0048,4495.1,Freelancer.com,SEO,2022-10-30,2022-10
user_0048,2774.21,Direct Client,Video Editing,2022-12-05,2022-11
user_0048,1962.15,Mostaql,Data Analysis,2022-11-29,2022-11
user_0048,11135.45,Freelancer.com,Data Analysis,2023-01-14,2022-12
user_0048,6278.81,Khamsat,Graphic Design,2023-03-17,2023-02
user_0048,7160.14,Khamsat,Mobile Dev,2023-04-06,2023-03
user_0048,7744.0,Upwork,Accounting,2023-05-08,2023-04
user_0048,3387.13,Upwork,Accounting,2023-06-12,2023-05
user_0048,3339.45,Local Agency,Web Development,2023-06-16,2023-05
user_0048,1837.92,Khamsat,Data Analysis,2023-05-31,2023-05
user_0048,6563.91,Upwork,Translation,2023-08-14,2023-07
user_0048,10766.66,PeoplePerHour,Mobile Dev,2023-09-15,2023-08
user_0048,24508.66,Direct Client,Translation,2023-10-14,2023-09
user_0048,7628.03,Local Agency,Content Writing,2023-10-26,2023-10
user_0048,6037.91,Khamsat,UI/UX,2023-12-03,2023-11
user_0048,3155.65,Toptal,SEO,2023-12-28,2023-12
user_0048,905.63,Freelancer.com,Video Editing,2024-01-05,2023-12
user_0048,3876.98,Direct Client,Accounting,2024-01-13,2023-12
user_0048,5405.49,Khamsat,Content Writing,2024-01-26,2024-01
user_0048,5661.8,Upwork,Content Writing,2024-02-05,2024-01
user_0048,284.94,Direct Client,Data Analysis,2024-02-24,2024-02
user_0048,7501.88,Direct Client,Accounting,2024-02-28,2024-02
user_0048,1489.83,Toptal,Content Writing,2024-02-22,2024-02
user_0048,8604.4,PeoplePerHour,UI/UX,2024-04-10,2024-03
user_0048,324.87,Khamsat,Translation,2024-03-27,2024-03
user_0048,159.55,Freelancer.com,Content Writing,2024-05-09,2024-04
user_0048,1864.15,Upwork,Mobile Dev,2024-05-10,2024-04
user_0048,7227.08,Freelancer.com,Accounting,2024-05-05,2024-04
user_0049,500.0,Toptal,Data Analysis,2022-06-22,2022-06
user_0049,3241.05,Toptal,UI/UX,2022-07-19,2022-07
user_0049,917.55,Toptal,Mobile Dev,2022-07-18,2022-07
user_0049,528.9,Freelancer.com,Content Writing,2022-07-21,2022-07
user_0049,12903.76,Local Agency,Accounting,2022-08-01,2022-07
user_0049,10350.72,Freelancer.com,Accounting,2022-10-06,2022-09
user_0049,5420.28,PeoplePerHour,SEO,2022-12-06,2022-11
user_0049,548.87,Toptal,Translation,2022-12-13,2022-11
user_0049,1601.06,Toptal,Graphic Design,2022-12-12,2022-11
user_0049,1299.4,Upwork,Graphic Design,2023-01-09,2022-12
user_0049,1224.38,Toptal,Data Analysis,2023-02-10,2023-01
user_0049,704.75,Freelancer.com,Translation,2023-02-06,2023-01
user_0049,7519.55,Mostaql,Mobile Dev,2023-03-02,2023-02
user_0049,1776.33,Upwork,Data Analysis,2023-03-15,2023-02
user_0049,3423.56,Mostaql,Translation,2023-04-11,2023-03
user_0049,6485.22,PeoplePerHour,Accounting,2023-04-28,2023-04
user_0049,10440.04,Mostaql,UI/UX,2023-05-17,2023-04
user_0049,7701.52,PeoplePerHour,UI/UX,2023-06-03,2023-05
user_0049,2746.35,Direct Client,Mobile Dev,2023-07-15,2023-06
user_0049,846.18,PeoplePerHour,Translation,2023-07-16,2023-06
user_0049,7686.98,Upwork,Content Writing,2023-07-17,2023-06
user_0049,115.14,Direct Client,Accounting,2023-08-14,2023-07
user_0049,185.41,Toptal,SEO,2023-08-11,2023-07
user_0049,199.45,Khamsat,SEO,2023-08-01,2023-07
user_0049,6122.39,Direct Client,Accounting,2023-09-08,2023-08
user_0049,1878.48,PeoplePerHour,Content Writing,2023-10-19,2023-09
user_0049,12034.37,Direct Client,Accounting,2023-10-16,2023-09
user_0049,8792.05,Mostaql,Translation,2023-11-28,2023-11
user_0049,944.98,Khamsat,Web Development,2023-12-30,2023-12
user_0049,1365.2,Mostaql,Web Development,2024-01-04,2023-12
user_0049,15.07,Toptal,SEO,2023-12-26,2023-12
user_0049,9494.04,Mostaql,Graphic Design,2024-01-30,2024-01
user_0049,9133.82,PeoplePerHour,Content Writing,2024-03-14,2024-02
user_0049,2812.45,Toptal,Content Writing,2024-04-16,2024-03
user_0049,10166.34,PeoplePerHour,Video Editing,2024-04-29,2024-04
user_0050,11690.07,PeoplePerHour,Graphic Design,2022-06-17,2022-06
user_0050,9349.44,Freelancer.com,Video Editing,2022-07-13,2022-07
user_0050,509.82,Toptal,SEO,2022-08-11,2022-07
user_0050,6612.99,Toptal,SEO,2022-08-02,2022-07
user_0050,8552.84,Direct Client,SEO,2022-08-31,2022-08
user_0050,6151.07,Upwork,Video Editing,2022-10-19,2022-09
user_0050,11019.25,Freelancer.com,Graphic Design,2022-11-11,2022-10
user_0050,9978.89,Mostaql,Content Writing,2022-12-04,2022-11
user_0050,9382.83,PeoplePerHour,SEO,2023-01-01,2022-12
user_0050,9019.23,Toptal,Accounting,2023-02-16,2023-01
user_0050,6871.0,Khamsat,UI/UX,2023-02-10,2023-01
user_0050,1107.99,Toptal,Accounting,2023-02-20,2023-01
user_0050,6938.15,Toptal,Mobile Dev,2023-03-22,2023-02
user_0050,7007.17,Mostaql,Translation,2023-04-08,2023-03
user_0050,6815.83,Mostaql,Content Writing,2023-05-15,2023-04
user_0050,7211.5,Khamsat,Content Writing,2023-06-09,2023-05
user_0050,729.22,Upwork,Graphic Design,2023-06-03,2023-05
user_0050,4173.61,Upwork,Graphic Design,2023-07-18,2023-06
user_0050,3199.75,Toptal,Mobile Dev,2023-07-11,2023-06
user_0050,9720.68,Toptal,Mobile Dev,2023-08-11,2023-07
user_0050,8852.51,PeoplePerHour,Video Editing,2023-09-10,2023-08
user_0050,8244.63,Mostaql,Mobile Dev,2023-09-28,2023-09
user_0050,10207.36,PeoplePerHour,Translation,2023-12-16,2023-11
user_0050,4945.26,Khamsat,Graphic Design,2023-12-28,2023-12
user_0050,5321.49,Khamsat,Web Development,2023-12-23,2023-12
user_0050,8208.8,Mostaql,Translation,2024-02-14,2024-01
user_0050,9544.7,Mostaql,Translation,2024-03-16,2024-02
user_0050,7172.25,PeoplePerHour,Content Writing,2024-04-14,2024-03
user_0050,7399.94,Freelancer.com,Graphic Design,2024-05-04,2024-04
user_0051,2380.85,Mostaql,Graphic Design,2022-06-21,2022-06
user_0051,3395.05,Mostaql,Video Editing,2022-06-07,2022-06
user_0051,6026.42,PeoplePerHour,SEO,2022-08-17,2022-07
user_0051,11082.78,Upwork,UI/UX,2022-09-11,2022-08
user_0051,7955.39,Mostaql,Video Editing,2022-09-29,2022-09
user_0051,3121.18,Toptal,Translation,2022-11-07,2022-10
user_0051,10798.51,Direct Client,SEO,2022-11-19,2022-10
user_0051,500.0,Khamsat,SEO,2022-12-15,2022-11
user_0051,3434.37,Upwork,Mobile Dev,2023-01-31,2023-01
user_0051,3708.75,Toptal,Data Analysis,2023-02-02,2023-01
user_0051,566.49,Upwork,UI/UX,2023-02-15,2023-01
user_0051,959.15,Khamsat,Accounting,2023-03-13,2023-02
user_0051,799.48,Freelancer.com,SEO,2023-02-28,2023-02
user_0051,922.39,Direct Client,Data Analysis,2023-03-23,2023-02
user_0051,3.14,Upwork,Mobile Dev,2023-04-18,2023-03
user_0051,91.76,Upwork,Graphic Design,2023-03-31,2023-03
user_0051,405.1,Toptal,Mobile Dev,2023-04-09,2023-03
user_0051,2068.44,Khamsat,Video Editing,2023-05-01,2023-04
user_0051,1878.09,Khamsat,Graphic Design,2023-05-07,2023-04
user_0051,1007.5,Upwork,UI/UX,2023-05-06,2023-04
user_0051,182.38,Mostaql,Content Writing,2023-06-08,2023-05
user_0051,3857.49,PeoplePerHour,Graphic Design,2023-06-14,2023-05
user_0051,2324.04,Freelancer.com,Web Development,2023-06-20,2023-05
user_0051,9838.03,Toptal,Web Development,2023-07-08,2023-06
user_0051,10645.46,Upwork,Data Analysis,2023-08-07,2023-07
user_0051,15311.01,PeoplePerHour,Mobile Dev,2023-09-15,2023-08
user_0051,4104.88,Toptal,Content Writing,2023-10-17,2023-09
user_0051,1982.79,Toptal,Translation,2023-11-06,2023-10
user_0051,1243.12,Khamsat,Video Editing,2023-11-10,2023-10
user_0051,2141.92,Direct Client,Content Writing,2023-11-08,2023-10
user_0051,4652.03,Khamsat,Content Writing,2023-11-28,2023-11
user_0051,9187.76,Khamsat,Data Analysis,2024-01-03,2023-12
user_0051,3612.07,Local Agency,Graphic Design,2023-12-23,2023-12
user_0051,9876.94,Mostaql,Accounting,2024-02-05,2024-01
user_0051,9888.0,Upwork,SEO,2024-03-03,2024-02
user_0051,2479.52,Local Agency,Graphic Design,2024-03-05,2024-02
user_0051,201.1,Direct Client,Graphic Design,2024-04-12,2024-03
user_0051,335.19,Freelancer.com,Data Analysis,2024-04-06,2024-03
user_0051,246.0,PeoplePerHour,Video Editing,2024-04-05,2024-03
user_0051,4637.97,Mostaql,Data Analysis,2024-05-16,2024-04
user_0052,2388.87,Khamsat,Accounting,2022-06-17,2022-06
user_0052,14850.08,Khamsat,Data Analysis,2022-07-07,2022-07
user_0052,3907.74,Freelancer.com,Accounting,2022-08-21,2022-07
user_0052,5770.06,Toptal,Content Writing,2022-08-15,2022-07
user_0052,8853.21,Toptal,Data Analysis,2022-09-01,2022-08
user_0052,7868.03,PeoplePerHour,Mobile Dev,2022-10-12,2022-09
user_0052,2844.72,Mostaql,Content Writing,2022-10-03,2022-09
user_0052,573.0,Local Agency,Web Development,2022-11-22,2022-10
user_0052,3208.29,Freelancer.com,Web Development,2022-11-21,2022-10
user_0052,667.52,Khamsat,UI/UX,2022-11-01,2022-10
user_0052,3440.71,Khamsat,Web Development,2022-11-30,2022-11
user_0052,1169.15,Khamsat,Mobile Dev,2022-12-22,2022-11
user_0052,8089.03,Freelancer.com,Content Writing,2023-01-18,2022-12
user_0052,6835.13,Direct Client,Web Development,2023-02-15,2023-01
user_0052,3901.15,Upwork,Video Editing,2023-03-14,2023-02
user_0052,860.26,Freelancer.com,Data Analysis,2023-04-14,2023-03
user_0052,8169.98,Direct Client,Mobile Dev,2023-03-28,2023-03
user_0052,7499.3,Freelancer.com,Web Development,2023-04-28,2023-04
user_0052,3299.35,Toptal,Accounting,2023-06-06,2023-05
user_0052,1171.04,Upwork,Content Writing,2023-06-14,2023-05
user_0052,5907.95,Toptal,SEO,2023-06-29,2023-06
user_0052,1854.01,Khamsat,SEO,2023-07-14,2023-06
user_0052,1979.52,Mostaql,Graphic Design,2023-06-26,2023-06
user_0052,8454.71,Local Agency,SEO,2023-08-08,2023-07
user_0052,226.37,PeoplePerHour,Accounting,2023-09-17,2023-08
user_0052,15448.2,Direct Client,SEO,2023-09-10,2023-08
user_0052,24657.88,Khamsat,Accounting,2023-10-10,2023-09
user_0052,2615.47,Toptal,Web Development,2023-10-29,2023-10
user_0052,8098.11,Mostaql,Web Development,2023-11-11,2023-10
user_0052,22603.41,Toptal,Video Editing,2023-12-04,2023-11
user_0052,3368.13,Freelancer.com,SEO,2023-12-08,2023-11
user_0052,72.17,Freelancer.com,Mobile Dev,2024-01-08,2023-12
user_0052,1422.16,Khamsat,Accounting,2023-12-23,2023-12
user_0052,4872.31,PeoplePerHour,Web Development,2024-01-11,2023-12
user_0052,5294.56,Toptal,Data Analysis,2024-02-15,2024-01
user_0052,2378.05,Freelancer.com,SEO,2024-02-11,2024-01
user_0052,105.0,PeoplePerHour,Mobile Dev,2024-03-14,2024-02
user_0052,10476.99,Mostaql,Content Writing,2024-03-17,2024-02
user_0052,7085.19,Upwork,Translation,2024-02-28,2024-02
user_0052,4341.22,Local Agency,SEO,2024-04-08,2024-03
user_0052,120.0,Freelancer.com,Content Writing,2024-03-30,2024-03
user_0052,5483.31,Freelancer.com,Mobile Dev,2024-04-04,2024-03
user_0052,3731.82,PeoplePerHour,Translation,2024-05-15,2024-04
user_0052,7611.0,PeoplePerHour,UI/UX,2024-04-29,2024-04
user_0053,11080.07,Toptal,Mobile Dev,2022-06-24,2022-06
user_0053,3906.9,Mostaql,SEO,2022-07-05,2022-07
user_0053,1613.86,Freelancer.com,Accounting,2022-07-06,2022-07
user_0053,3396.57,PeoplePerHour,Web Development,2022-07-03,2022-07
user_0053,9225.09,Local Agency,Mobile Dev,2022-08-20,2022-07
user_0053,10149.8,Freelancer.com,Accounting,2022-09-04,2022-08
user_0053,6208.86,Local Agency,Content Writing,2022-10-07,2022-09
user_0053,981.41,Toptal,Web Development,2022-10-23,2022-09
user_0053,3867.9,Mostaql,Accounting,2022-11-11,2022-10
user_0053,2825.89,Khamsat,Video Editing,2022-10-31,2022-10
user_0053,8561.75,Toptal,Web Development,2022-12-11,2022-11
user_0053,5035.32,Freelancer.com,Accounting,2023-01-15,2022-12
user_0053,306.96,Freelancer.com,Translation,2023-01-14,2022-12
user_0053,3395.98,Khamsat,Translation,2023-01-21,2022-12
user_0053,8738.62,Local Agency,UI/UX,2023-02-02,2023-01
user_0053,5365.84,PeoplePerHour,Video Editing,2023-03-14,2023-02
user_0053,345.8,Freelancer.com,Mobile Dev,2023-03-12,2023-02
user_0053,3615.59,Khamsat,Accounting,2023-04-05,2023-03
user_0053,6117.67,Freelancer.com,SEO,2023-04-09,2023-03
user_0053,9517.19,Khamsat,Translation,2023-05-12,2023-04
user_0053,10662.21,Freelancer.com,Content Writing,2023-06-01,2023-05
user_0053,11146.31,Toptal,Graphic Design,2023-07-07,2023-06
user_0053,12316.75,Local Agency,Video Editing,2023-08-12,2023-07
user_0053,11774.74,Mostaql,Content Writing,2023-09-01,2023-08
user_0053,1205.85,Upwork,Web Development,2023-09-13,2023-08
user_0053,9092.77,PeoplePerHour,Graphic Design,2023-10-03,2023-09
user_0053,4090.78,Upwork,Video Editing,2023-11-02,2023-10
user_0053,6193.84,Freelancer.com,Accounting,2023-11-16,2023-10
user_0053,10946.3,Mostaql,Translation,2023-12-06,2023-11
user_0053,4791.65,Upwork,SEO,2023-12-30,2023-12
user_0053,3673.62,Direct Client,Mobile Dev,2024-01-02,2023-12
user_0053,1100.79,Local Agency,Video Editing,2024-02-02,2024-01
user_0053,5607.48,Upwork,Accounting,2024-02-09,2024-01
user_0053,2139.71,Mostaql,UI/UX,2024-02-03,2024-01
user_0053,5461.89,Local Agency,UI/UX,2024-02-21,2024-02
user_0053,2664.77,PeoplePerHour,Translation,2024-03-07,2024-02
user_0053,9258.68,Local Agency,Mobile Dev,2024-04-13,2024-03
user_0053,8489.08,Local Agency,Translation,2024-05-09,2024-04
user_0054,4296.68,Direct Client,Translation,2022-06-20,2022-06
user_0054,1786.42,Upwork,Data Analysis,2022-07-12,2022-07
user_0054,1952.35,Direct Client,UI/UX,2022-07-11,2022-07
user_0054,18241.32,Upwork,Accounting,2022-08-14,2022-07
user_0054,5208.89,Mostaql,Graphic Design,2022-09-24,2022-08
user_0054,15465.8,Upwork,Data Analysis,2022-10-17,2022-09
user_0054,1841.87,Toptal,Accounting,2022-11-09,2022-10
user_0054,5535.44,Khamsat,Web Development,2022-11-11,2022-10
user_0054,14785.37,Direct Client,Mobile Dev,2022-12-17,2022-11
user_0054,17659.83,Toptal,Web Development,2023-01-02,2022-12
user_0054,1425.95,Khamsat,Content Writing,2023-02-19,2023-01
user_0054,1607.43,Toptal,SEO,2023-02-20,2023-01
user_0054,2334.46,Direct Client,Graphic Design,2023-02-03,2023-01
user_0054,695.38,Direct Client,Graphic Design,2023-03-02,2023-02
user_0054,2234.08,Freelancer.com,Translation,2023-02-26,2023-02
user_0054,2458.82,Local Agency,Graphic Design,2023-02-28,2023-02
user_0054,4667.61,Khamsat,Web Development,2023-04-20,2023-03
user_0054,9443.33,Freelancer.com,Accounting,2023-04-27,2023-04
user_0054,8207.35,Upwork,Web Development,2023-05-19,2023-04
user_0054,7030.25,Local Agency,Mobile Dev,2023-06-20,2023-05
user_0054,4995.57,PeoplePerHour,Accounting,2023-07-03,2023-06
user_0054,8113.6,Mostaql,Data Analysis,2023-08-06,2023-07
user_0054,7370.13,Mostaql,UI/UX,2023-09-16,2023-08
user_0054,1263.92,Toptal,SEO,2023-09-25,2023-09
user_0054,1872.4,Toptal,Web Development,2023-10-04,2023-09
user_0054,4780.54,Khamsat,Accounting,2023-09-29,2023-09
user_0054,1368.47,Local Agency,Data Analysis,2023-11-07,2023-10
user_0054,6523.65,Khamsat,Accounting,2023-10-26,2023-10
user_0054,549.08,PeoplePerHour,Translation,2023-10-25,2023-10
user_0054,9464.13,Local Agency,Accounting,2023-12-15,2023-11
user_0054,4563.8,PeoplePerHour,Content Writing,2024-01-17,2023-12
user_0054,12952.33,Freelancer.com,SEO,2024-02-07,2024-01
user_0054,1173.14,Direct Client,Graphic Design,2024-02-14,2024-01
user_0054,6912.33,Freelancer.com,Video Editing,2024-02-06,2024-01
user_0054,14140.93,Freelancer.com,Content Writing,2024-02-29,2024-02
user_0054,8596.85,Khamsat,SEO,2024-04-02,2024-03
user_0054,23258.78,Local Agency,Data Analysis,2024-04-23,2024-04
user_0055,1036.54,Upwork,Web Development,2022-06-08,2022-06
user_0055,4894.83,Direct Client,Data Analysis,2022-06-03,2022-06
user_0055,17390.32,Upwork,SEO,2022-07-21,2022-07
user_0055,9986.35,Khamsat,SEO,2022-08-25,2022-07
user_0055,14650.23,Upwork,Web Development,2022-08-31,2022-08
user_0055,17527.36,Khamsat,Accounting,2022-10-10,2022-09
user_0055,8355.19,Local Agency,Video Editing,2022-11-21,2022-10
user_0055,500.0,Mostaql,Data Analysis,2022-12-15,2022-11
user_0055,12837.27,Upwork,Translation,2023-01-03,2022-12
user_0055,8611.4,Freelancer.com,Content Writing,2023-02-12,2023-01
user_0055,16087.46,PeoplePerHour,Web Development,2023-03-19,2023-02
user_0055,17229.61,Direct Client,Graphic Design,2023-04-06,2023-03
user_0055,4242.02,Upwork,Translation,2023-04-07,2023-03
user_0055,4667.51,Khamsat,Graphic Design,2023-05-12,2023-04
user_0055,10607.73,Local Agency,SEO,2023-06-21,2023-05
user_0055,340.7,Upwork,Mobile Dev,2023-06-29,2023-06
user_0055,4713.05,Mostaql,Mobile Dev,2023-07-20,2023-06
user_0055,8869.01,PeoplePerHour,Data Analysis,2023-07-31,2023-07
user_0055,8351.96,Toptal,Accounting,2023-09-02,2023-08
user_0055,12850.89,Khamsat,Video Editing,2023-09-07,2023-08
user_0055,3242.64,Mostaql,Data Analysis,2023-09-18,2023-08
user_0055,24450.4,Freelancer.com,Graphic Design,2023-10-10,2023-09
user_0055,1651.05,Mostaql,Data Analysis,2023-11-13,2023-10
user_0055,9174.65,Khamsat,Translation,2023-11-16,2023-10
user_0055,2222.04,Mostaql,Accounting,2023-11-15,2023-10
user_0055,799.92,Khamsat,Data Analysis,2023-11-25,2023-11
user_0055,604.45,Khamsat,Web Development,2023-12-09,2023-11
user_0055,494.51,Khamsat,SEO,2023-11-23,2023-11
user_0055,1628.31,Direct Client,Accounting,2024-01-04,2023-12
user_0055,2178.62,Khamsat,UI/UX,2023-12-27,2023-12
user_0055,8924.11,Local Agency,Mobile Dev,2024-01-22,2024-01
user_0055,3155.75,Toptal,Data Analysis,2024-03-07,2024-02
user_0055,904.18,Local Agency,Mobile Dev,2024-03-10,2024-02
user_0055,296.18,Freelancer.com,Accounting,2024-04-02,2024-03
user_0055,2647.28,Local Agency,Graphic Design,2024-03-25,2024-03
user_0055,6067.91,Mostaql,UI/UX,2024-04-04,2024-03
user_0055,3995.14,Toptal,SEO,2024-05-05,2024-04
user_0056,6167.75,Khamsat,Web Development,2022-06-15,2022-06
user_0056,6817.21,Upwork,Video Editing,2022-07-22,2022-07
user_0056,6010.75,Local Agency,SEO,2022-08-22,2022-07
user_0056,12.86,Upwork,Graphic Design,2022-08-18,2022-07
user_0056,7592.37,Mostaql,Web Development,2022-09-11,2022-08
user_0056,6962.01,Upwork,Content Writing,2022-10-16,2022-09
user_0056,827.66,Local Agency,Web Development,2022-10-10,2022-09
user_0056,78.37,Upwork,SEO,2022-11-03,2022-10
user_0056,529.91,Direct Client,Translation,2022-11-20,2022-10
user_0056,2017.66,Direct Client,Video Editing,2022-10-30,2022-10
user_0056,346.01,Freelancer.com,Video Editing,2022-12-17,2022-11
user_0056,2916.05,Toptal,Translation,2022-12-01,2022-11
user_0056,1968.7,Freelancer.com,SEO,2022-12-10,2022-11
user_0056,3300.88,PeoplePerHour,UI/UX,2023-01-22,2022-12
user_0056,3283.51,Direct Client,SEO,2023-01-09,2022-12
user_0056,17195.39,Local Agency,Mobile Dev,2023-02-08,2023-01
user_0056,2182.54,PeoplePerHour,Data Analysis,2023-03-03,2023-02
user_0056,3527.97,Upwork,UI/UX,2023-03-09,2023-02
user_0056,3732.89,Upwork,Accounting,2023-04-05,2023-03
user_0056,5747.5,Local Agency,Graphic Design,2023-05-03,2023-04
user_0056,10376.68,Freelancer.com,Web Development,2023-06-05,2023-05
user_0056,8682.51,Khamsat,UI/UX,2023-07-06,2023-06
user_0056,3017.6,Direct Client,Web Development,2023-08-17,2023-07
user_0056,891.09,Upwork,Data Analysis,2023-08-19,2023-07
user_0056,869.41,Upwork,Mobile Dev,2023-08-08,2023-07
user_0056,4774.17,Upwork,UI/UX,2023-09-07,2023-08
user_0056,457.6,Local Agency,Web Development,2023-09-13,2023-08
user_0056,524.54,Local Agency,Video Editing,2023-10-01,2023-09
user_0056,12364.09,Upwork,Data Analysis,2023-10-13,2023-09
user_0056,5182.4,PeoplePerHour,UI/UX,2023-11-13,2023-10
user_0056,1824.37,Upwork,Data Analysis,2023-10-31,2023-10
user_0056,1053.56,Upwork,Content Writing,2023-11-08,2023-10
user_0056,9459.02,Toptal,Data Analysis,2023-12-07,2023-11
user_0056,7499.97,Upwork,Video Editing,2024-01-16,2023-12
user_0056,758.84,PeoplePerHour,Translation,2024-01-25,2024-01
user_0056,8385.91,Khamsat,Translation,2024-02-01,2024-01
user_0056,1530.32,Upwork,UI/UX,2024-01-28,2024-01
user_0056,9571.02,Mostaql,UI/UX,2024-02-26,2024-02
user_0056,21824.92,Upwork,Video Editing,2024-03-27,2024-03
user_0056,9396.14,PeoplePerHour,Web Development,2024-05-01,2024-04
user_0057,3014.88,Khamsat,Video Editing,2022-06-08,2022-06
user_0057,4776.87,PeoplePerHour,Graphic Design,2022-06-13,2022-06
user_0057,7010.81,Khamsat,Data Analysis,2022-07-07,2022-07
user_0057,3195.39,Upwork,SEO,2022-08-16,2022-07
user_0057,3835.53,Direct Client,Graphic Design,2022-08-20,2022-07
user_0057,8738.31,Khamsat,Mobile Dev,2022-09-19,2022-08
user_0057,3779.22,Khamsat,Video Editing,2022-10-19,2022-09
user_0057,2348.93,Upwork,Translation,2022-10-18,2022-09
user_0057,4859.43,Mostaql,Graphic Design,2022-11-02,2022-10
user_0057,15.19,Freelancer.com,Graphic Design,2022-11-18,2022-10
user_0057,4438.03,Freelancer.com,Video Editing,2022-12-19,2022-11
user_0057,6620.17,Direct Client,Translation,2023-01-13,2022-12
user_0057,536.07,Local Agency,Web Development,2023-01-17,2022-12
user_0057,595.85,Upwork,Video Editing,2023-01-12,2022-12
user_0057,1073.22,Upwork,SEO,2023-02-16,2023-01
user_0057,7632.89,Toptal,Mobile Dev,2023-01-31,2023-01
user_0057,1577.08,Direct Client,Content Writing,2023-03-20,2023-02
user_0057,2402.46,PeoplePerHour,Translation,2023-03-11,2023-02
user_0057,180.1,Upwork,Translation,2023-03-02,2023-02
user_0057,15800.48,Direct Client,Translation,2023-04-13,2023-03
user_0057,4609.2,Mostaql,Mobile Dev,2023-05-07,2023-04
user_0057,3766.51,Toptal,Accounting,2023-06-02,2023-05
user_0057,4430.28,Freelancer.com,UI/UX,2023-06-21,2023-05
user_0057,8026.21,Direct Client,UI/UX,2023-07-17,2023-06
user_0057,2877.89,Mostaql,UI/UX,2023-08-13,2023-07
user_0057,2900.39,Toptal,Content Writing,2023-07-31,2023-07
user_0057,11694.02,PeoplePerHour,Accounting,2023-08-28,2023-08
user_0057,9729.94,PeoplePerHour,Content Writing,2023-09-17,2023-08
user_0057,393.43,Khamsat,Translation,2023-09-09,2023-08
user_0057,274.48,Freelancer.com,Video Editing,2023-10-09,2023-09
user_0057,9498.07,PeoplePerHour,Mobile Dev,2023-10-14,2023-09
user_0057,762.07,Direct Client,Graphic Design,2023-11-07,2023-10
user_0057,3196.09,Direct Client,Data Analysis,2023-11-18,2023-10
user_0057,3344.01,PeoplePerHour,SEO,2023-11-08,2023-10
user_0057,12294.73,Local Agency,SEO,2023-11-26,2023-11
user_0057,19086.88,Upwork,Content Writing,2023-12-23,2023-12
user_0057,3026.75,PeoplePerHour,UI/UX,2024-02-15,2024-01
user_0057,2921.44,Local Agency,Web Development,2024-02-12,2024-01
user_0057,6090.23,Direct Client,UI/UX,2024-03-02,2024-02
user_0057,437.56,Upwork,SEO,2024-03-12,2024-02
user_0057,4791.2,Local Agency,SEO,2024-03-28,2024-03
user_0057,3644.49,Mostaql,Translation,2024-05-05,2024-04
user_0057,1914.3,Toptal,Content Writing,2024-04-30,2024-04
user_0058,13484.6,Upwork,UI/UX,2022-06-17,2022-06
user_0058,247.04,Upwork,UI/UX,2022-07-13,2022-07
user_0058,1576.82,Freelancer.com,Web Development,2022-07-03,2022-07
user_0058,5228.71,Toptal,Web Development,2022-08-06,2022-07
user_0058,947.16,Toptal,UI/UX,2022-08-07,2022-07
user_0058,6456.35,Khamsat,Data Analysis,2022-10-08,2022-09
user_0058,4141.6,Local Agency,Content Writing,2022-10-05,2022-09
user_0058,11785.83,Local Agency,Translation,2022-11-23,2022-10
user_0058,5146.8,Freelancer.com,Accounting,2022-12-05,2022-11
user_0058,3993.17,Upwork,Data Analysis,2022-11-30,2022-11
user_0058,41.9,Local Agency,Accounting,2022-12-29,2022-12
user_0058,6752.99,PeoplePerHour,SEO,2023-01-12,2022-12
user_0058,4739.93,Freelancer.com,UI/UX,2023-02-13,2023-01
user_0058,13838.36,Khamsat,Translation,2023-03-13,2023-02
user_0058,2804.29,Freelancer.com,Mobile Dev,2023-03-03,2023-02
user_0058,13552.96,Khamsat,SEO,2023-04-11,2023-03
user_0058,332.9,Direct Client,Web Development,2023-03-28,2023-03
user_0058,3042.24,Freelancer.com,Translation,2023-05-12,2023-04
user_0058,9057.19,Local Agency,Video Editing,2023-05-31,2023-05
user_0058,1547.04,PeoplePerHour,Accounting,2023-07-13,2023-06
user_0058,647.9,Mostaql,Web Development,2023-07-21,2023-06
user_0058,5134.98,Direct Client,Web Development,2023-07-09,2023-06
user_0058,309.15,Toptal,Graphic Design,2023-07-31,2023-07
user_0058,324.39,Freelancer.com,Web Development,2023-08-12,2023-07
user_0058,7047.55,PeoplePerHour,Mobile Dev,2023-08-13,2023-07
user_0058,3698.46,Mostaql,Video Editing,2023-11-14,2023-10
user_0058,8226.21,Upwork,Graphic Design,2024-01-09,2023-12
user_0058,500.0,Freelancer.com,Accounting,2024-01-22,2024-01
user_0058,22438.47,Toptal,Graphic Design,2024-03-11,2024-02
user_0058,3766.27,Local Agency,Content Writing,2024-04-05,2024-03
user_0058,11449.99,Upwork,SEO,2024-04-22,2024-04
user_0059,1026.34,Freelancer.com,Content Writing,2022-07-16,2022-07
user_0059,1196.67,Direct Client,Accounting,2022-08-20,2022-07
user_0059,171.34,Upwork,UI/UX,2022-09-06,2022-08
user_0059,328.66,Mostaql,Translation,2022-09-03,2022-08
user_0059,5605.01,PeoplePerHour,Mobile Dev,2022-10-17,2022-09
user_0059,3221.4,Mostaql,Mobile Dev,2022-11-16,2022-10
user_0059,1894.27,Mostaql,Web Development,2022-11-22,2022-10
user_0059,3754.55,Freelancer.com,Graphic Design,2022-12-11,2022-11
user_0059,164.39,Toptal,Content Writing,2022-12-08,2022-11
user_0059,2146.43,Upwork,Graphic Design,2023-01-12,2022-12
user_0059,1741.85,Khamsat,SEO,2023-01-18,2022-12
user_0059,3458.49,Mostaql,UI/UX,2023-01-29,2023-01
user_0059,4177.34,Upwork,UI/UX,2023-03-03,2023-02
user_0059,1707.16,Khamsat,UI/UX,2023-04-11,2023-03
user_0059,377.74,Toptal,Graphic Design,2023-05-14,2023-04
user_0059,2897.28,Direct Client,Content Writing,2023-05-12,2023-04
user_0059,3895.63,Toptal,Mobile Dev,2023-06-18,2023-05
user_0059,5172.31,Direct Client,SEO,2023-06-28,2023-06
user_0059,500.0,Local Agency,Data Analysis,2023-08-06,2023-07
user_0059,4518.8,Toptal,Mobile Dev,2023-10-07,2023-09
user_0059,2536.87,Direct Client,Translation,2023-10-15,2023-09
user_0059,1082.32,Khamsat,Video Editing,2023-10-26,2023-10
user_0059,1939.23,PeoplePerHour,Accounting,2023-12-08,2023-11
user_0059,5879.5,Freelancer.com,UI/UX,2024-02-04,2024-01
user_0059,398.13,Direct Client,Translation,2024-02-12,2024-01
user_0059,357.43,Direct Client,Accounting,2024-02-26,2024-02
user_0059,142.57,Upwork,Data Analysis,2024-03-04,2024-02
user_0059,575.24,Upwork,Content Writing,2024-05-06,2024-04
user_0059,7299.07,Local Agency,UI/UX,2024-04-24,2024-04
user_0060,363.25,Local Agency,UI/UX,2022-06-25,2022-06
user_0060,4171.03,Mostaql,UI/UX,2022-06-15,2022-06
user_0060,12776.26,Direct Client,Accounting,2022-07-06,2022-07
user_0060,2133.65,Toptal,Video Editing,2022-08-02,2022-07
user_0060,5148.76,Khamsat,SEO,2022-08-20,2022-07
user_0060,4031.81,Khamsat,Video Editing,2022-09-13,2022-08
user_0060,3675.29,Mostaql,Video Editing,2022-09-12,2022-08
user_0060,6527.37,Mostaql,Translation,2022-10-05,2022-09
user_0060,2761.99,PeoplePerHour,UI/UX,2022-11-12,2022-10
user_0060,1499.34,PeoplePerHour,Web Development,2022-11-12,2022-10
user_0060,9805.03,Upwork,Translation,2022-12-02,2022-11
user_0060,4365.78,Khamsat,SEO,2022-12-29,2022-12
user_0060,397.28,Upwork,Translation,2023-01-22,2022-12
user_0060,4489.7,Direct Client,Accounting,2023-01-06,2022-12
user_0060,1411.85,Local Agency,Mobile Dev,2023-03-13,2023-02
user_0060,3382.91,Mostaql,Web Development,2023-03-17,2023-02
user_0060,2226.63,Khamsat,Web Development,2023-04-21,2023-03
user_0060,4565.63,Freelancer.com,UI/UX,2023-05-12,2023-04
user_0060,7486.82,Mostaql,Web Development,2023-05-29,2023-05
user_0060,10837.94,Freelancer.com,SEO,2023-07-01,2023-06
user_0060,594.82,Freelancer.com,SEO,2023-08-08,2023-07
user_0060,4713.44,Toptal,Data Analysis,2023-08-08,2023-07
user_0060,95.02,Freelancer.com,Web Development,2023-08-10,2023-07
user_0060,10919.42,PeoplePerHour,SEO,2023-09-08,2023-08
user_0060,6978.24,Direct Client,Graphic Design,2023-10-11,2023-09
user_0060,2272.07,Direct Client,Web Development,2023-10-15,2023-09
user_0060,8456.48,Direct Client,Content Writing,2023-11-09,2023-10
user_0060,12448.91,PeoplePerHour,Content Writing,2023-10-26,2023-10
user_0060,8540.97,Khamsat,Graphic Design,2023-12-08,2023-11
user_0060,9559.71,Khamsat,Mobile Dev,2024-01-14,2023-12
user_0060,11459.73,Mostaql,UI/UX,2024-01-31,2024-01
user_0060,10341.22,Direct Client,Content Writing,2024-02-25,2024-02
user_0060,1894.14,Khamsat,Translation,2024-03-30,2024-03
user_0060,4080.34,Upwork,SEO,2024-03-25,2024-03
user_0061,8908.59,PeoplePerHour,SEO,2022-06-23,2022-06
user_0061,2270.9,Upwork,Web Development,2022-07-14,2022-07
user_0061,5937.36,PeoplePerHour,UI/UX,2022-07-04,2022-07
user_0061,8681.49,Khamsat,Content Writing,2022-08-04,2022-07
user_0061,7863.13,Local Agency,Web Development,2022-09-24,2022-08
user_0061,1245.47,Mostaql,Video Editing,2022-08-30,2022-08
user_0061,8155.54,Local Agency,Content Writing,2022-10-19,2022-09
user_0061,7201.0,PeoplePerHour,Translation,2022-11-17,2022-10
user_0061,116.54,Local Agency,Translation,2022-12-15,2022-11
user_0061,8750.0,Local Agency,SEO,2022-12-07,2022-11
user_0061,8536.81,Direct Client,Video Editing,2023-01-18,2022-12
user_0061,6274.63,Freelancer.com,Web Development,2023-02-15,2023-01
user_0061,599.1,Toptal,Mobile Dev,2023-01-28,2023-01
user_0061,7016.5,Freelancer.com,UI/UX,2023-03-19,2023-02
user_0061,408.73,Khamsat,Content Writing,2023-02-26,2023-02
user_0061,6730.81,Local Agency,Video Editing,2023-04-07,2023-03
user_0061,5006.52,Mostaql,UI/UX,2023-05-10,2023-04
user_0061,2859.63,Toptal,Video Editing,2023-05-12,2023-04
user_0061,8593.64,PeoplePerHour,UI/UX,2023-05-31,2023-05
user_0061,6699.26,PeoplePerHour,Web Development,2023-07-13,2023-06
user_0061,10300.66,Local Agency,UI/UX,2023-08-11,2023-07
user_0061,5473.48,Local Agency,Graphic Design,2023-09-10,2023-08
user_0061,355.86,Upwork,Web Development,2023-09-01,2023-08
user_0061,3808.03,Mostaql,Video Editing,2023-08-26,2023-08
user_0061,11059.34,Direct Client,Data Analysis,2023-10-01,2023-09
user_0061,8613.77,Khamsat,Data Analysis,2023-11-01,2023-10
user_0061,9932.56,Khamsat,Video Editing,2023-12-15,2023-11
user_0061,5421.81,Direct Client,Translation,2024-01-16,2023-12
user_0061,7095.74,Freelancer.com,UI/UX,2024-01-25,2024-01
user_0061,8916.04,Local Agency,Video Editing,2024-03-09,2024-02
user_0061,3734.93,Mostaql,Accounting,2024-03-27,2024-03
user_0061,3213.29,Freelancer.com,Mobile Dev,2024-04-07,2024-03
user_0061,7042.18,Local Agency,Translation,2024-04-23,2024-04
user_0062,3584.43,Freelancer.com,Content Writing,2022-06-08,2022-06
user_0062,17284.85,PeoplePerHour,Content Writing,2022-06-06,2022-06
user_0062,9612.66,Khamsat,Translation,2022-07-15,2022-07
user_0062,7186.39,Khamsat,Data Analysis,2022-08-12,2022-07
user_0062,13881.06,Toptal,Mobile Dev,2022-08-05,2022-07
user_0062,7294.59,Freelancer.com,Web Development,2022-09-13,2022-08
user_0062,373.86,Freelancer.com,Web Development,2022-09-22,2022-08
user_0062,441.26,Upwork,Video Editing,2022-10-08,2022-09
user_0062,6220.22,Khamsat,Content Writing,2022-10-11,2022-09
user_0062,7481.38,Upwork,Web Development,2022-11-20,2022-10
user_0062,1126.8,Upwork,Translation,2022-12-19,2022-11
user_0062,8135.57,Direct Client,Graphic Design,2022-12-03,2022-11
user_0062,1796.86,Upwork,Data Analysis,2023-01-02,2022-12
user_0062,3642.76,Direct Client,Web Development,2023-01-15,2022-12
user_0062,1891.6,Toptal,Data Analysis,2023-01-19,2022-12
user_0062,8325.8,Local Agency,Web Development,2023-01-28,2023-01
user_0062,5815.23,Upwork,Video Editing,2023-02-28,2023-02
user_0062,1691.23,Upwork,Mobile Dev,2023-03-09,2023-02
user_0062,568.32,PeoplePerHour,UI/UX,2023-02-28,2023-02
user_0062,8970.26,Upwork,SEO,2023-04-10,2023-03
user_0062,7964.2,Freelancer.com,Data Analysis,2023-05-05,2023-04
user_0062,2137.94,Direct Client,Video Editing,2023-05-13,2023-04
user_0062,6937.49,Freelancer.com,Data Analysis,2023-06-07,2023-05
user_0062,10639.43,Mostaql,Graphic Design,2023-07-17,2023-06
user_0062,12533.66,PeoplePerHour,Graphic Design,2023-07-29,2023-07
user_0062,13422.48,Local Agency,Graphic Design,2023-09-17,2023-08
user_0062,5214.47,Freelancer.com,Web Development,2023-10-02,2023-09
user_0062,3748.3,Freelancer.com,SEO,2023-10-06,2023-09
user_0062,1606.64,Mostaql,Video Editing,2023-11-08,2023-10
user_0062,19451.06,Direct Client,Graphic Design,2023-11-04,2023-10
user_0062,5842.65,Mostaql,Web Development,2023-11-28,2023-11
user_0062,8667.87,Mostaql,Video Editing,2023-12-07,2023-11
user_0062,4062.79,Upwork,UI/UX,2023-12-16,2023-11
user_0062,5803.66,Mostaql,Data Analysis,2024-01-15,2023-12
user_0062,1167.87,Toptal,Web Development,2023-12-23,2023-12
user_0062,6636.37,Direct Client,Mobile Dev,2024-02-01,2024-01
user_0062,358.91,Upwork,Graphic Design,2024-02-04,2024-01
user_0062,2385.11,Direct Client,Graphic Design,2024-03-12,2024-02
user_0062,6865.49,Freelancer.com,Data Analysis,2024-03-10,2024-02
user_0062,11183.19,Mostaql,Accounting,2024-03-25,2024-03
user_0062,11458.42,Freelancer.com,Accounting,2024-04-05,2024-03
user_0062,6156.84,Local Agency,Data Analysis,2024-04-26,2024-04
user_0062,3546.6,Freelancer.com,Video Editing,2024-05-14,2024-04
user_0063,8763.6,Mostaql,Accounting,2022-06-11,2022-06
user_0063,7457.82,Mostaql,Translation,2022-07-13,2022-07
user_0063,1901.73,Upwork,Mobile Dev,2022-08-08,2022-07
user_0063,2662.97,Khamsat,Accounting,2022-08-24,2022-07
user_0063,4389.47,Direct Client,Accounting,2022-09-17,2022-08
user_0063,106.73,PeoplePerHour,Accounting,2022-09-13,2022-08
user_0063,3071.29,PeoplePerHour,Mobile Dev,2022-09-10,2022-08
user_0063,569.57,Upwork,Accounting,2022-10-04,2022-09
user_0063,888.22,Local Agency,Web Development,2022-10-07,2022-09
user_0063,3605.69,Khamsat,Data Analysis,2022-10-09,2022-09
user_0063,830.84,Direct Client,Accounting,2022-11-20,2022-10
user_0063,5133.34,Upwork,Graphic Design,2022-11-19,2022-10
user_0063,2348.38,Mostaql,Translation,2022-12-22,2022-11
user_0063,2532.39,Mostaql,UI/UX,2023-01-07,2022-12
user_0063,3619.37,Freelancer.com,Video Editing,2023-01-11,2022-12
user_0063,5215.38,Khamsat,Mobile Dev,2023-02-16,2023-01
user_0063,8051.73,Direct Client,UI/UX,2023-04-19,2023-03
user_0063,123.93,Khamsat,Data Analysis,2023-04-07,2023-03
user_0063,4290.15,Khamsat,UI/UX,2023-05-01,2023-04
user_0063,10844.39,Toptal,Accounting,2023-06-12,2023-05
user_0063,5326.92,Local Agency,SEO,2023-07-13,2023-06
user_0063,6975.37,Khamsat,Content Writing,2023-07-02,2023-06
user_0063,4714.74,Freelancer.com,Video Editing,2023-07-29,2023-07
user_0063,987.29,Local Agency,Mobile Dev,2023-08-09,2023-07
user_0063,11517.46,Freelancer.com,SEO,2023-09-07,2023-08
user_0063,7443.88,Freelancer.com,Mobile Dev,2023-10-09,2023-09
user_0063,11273.29,Upwork,Mobile Dev,2023-11-02,2023-10
user_0063,4491.05,Toptal,SEO,2023-12-05,2023-11
user_0063,4531.5,Freelancer.com,SEO,2023-12-17,2023-11
user_0063,7770.68,Toptal,Translation,2024-01-11,2023-12
user_0063,934.19,Mostaql,Graphic Design,2024-01-04,2023-12
user_0063,9466.06,Mostaql,Content Writing,2024-02-11,2024-01
user_0063,2400.7,Toptal,Translation,2024-03-09,2024-02
user_0063,43.68,Local Agency,Graphic Design,2024-02-22,2024-02
user_0063,3480.24,Local Agency,Graphic Design,2024-03-04,2024-02
user_0063,7183.74,Mostaql,Video Editing,2024-04-05,2024-03
user_0063,3707.1,PeoplePerHour,Content Writing,2024-04-05,2024-03
user_0063,6708.81,Upwork,Web Development,2024-05-07,2024-04
user_0064,4009.18,Upwork,Video Editing,2022-06-11,2022-06
user_0064,5522.28,Local Agency,Web Development,2022-07-05,2022-07
user_0064,594.44,Direct Client,Mobile Dev,2022-08-11,2022-07
user_0064,0.15,Mostaql,Mobile Dev,2022-08-20,2022-07
user_0064,5883.74,Freelancer.com,Data Analysis,2022-08-24,2022-07
user_0064,3707.99,Toptal,SEO,2022-09-01,2022-08
user_0064,2469.36,Local Agency,Data Analysis,2022-09-22,2022-08
user_0064,109.15,Khamsat,SEO,2022-09-20,2022-08
user_0064,8224.44,PeoplePerHour,Graphic Design,2022-10-15,2022-09
user_0064,2170.02,Freelancer.com,Graphic Design,2022-10-24,2022-09
user_0064,4395.45,Upwork,Mobile Dev,2022-11-05,2022-10
user_0064,3718.1,Toptal,Web Development,2022-12-14,2022-11
user_0064,1048.23,Khamsat,Video Editing,2023-01-02,2022-12
user_0064,86.07,Toptal,Accounting,2023-02-18,2023-01
user_0064,326.25,Local Agency,Graphic Design,2023-02-02,2023-01
user_0064,87.67,Khamsat,Translation,2023-02-21,2023-01
user_0064,37.45,Upwork,Video Editing,2023-03-14,2023-02
user_0064,840.38,Local Agency,Graphic Design,2023-03-18,2023-02
user_0064,112.94,Local Agency,UI/UX,2023-02-28,2023-02
user_0064,4812.48,Local Agency,Data Analysis,2023-04-01,2023-03
user_0064,3100.61,Direct Client,Translation,2023-05-06,2023-04
user_0064,2263.72,Khamsat,Data Analysis,2023-05-28,2023-05
user_0064,1174.71,Freelancer.com,Graphic Design,2023-07-10,2023-06
user_0064,2544.55,Freelancer.com,SEO,2023-07-13,2023-06
user_0064,2612.97,Mostaql,Translation,2023-06-28,2023-06
user_0064,2796.17,Local Agency,Data Analysis,2023-08-09,2023-07
user_0064,524.25,PeoplePerHour,Content Writing,2023-09-03,2023-08
user_0064,3297.73,Direct Client,Mobile Dev,2023-09-08,2023-08
user_0064,2814.94,Freelancer.com,Video Editing,2023-10-19,2023-09
user_0064,4146.1,Local Agency,Video Editing,2023-10-07,2023-09
user_0064,6435.02,Khamsat,Video Editing,2023-11-03,2023-10
user_0064,5139.07,Upwork,Translation,2023-12-18,2023-11
user_0064,6066.78,Upwork,Data Analysis,2024-01-06,2023-12
user_0064,452.56,Upwork,Graphic Design,2024-01-22,2024-01
user_0064,894.21,Direct Client,Graphic Design,2024-02-06,2024-01
user_0064,102.99,Khamsat,Graphic Design,2024-02-15,2024-01
user_0064,500.0,Freelancer.com,Content Writing,2024-02-26,2024-02
user_0064,8081.08,Mostaql,Data Analysis,2024-04-13,2024-03
user_0065,12581.97,Toptal,Translation,2022-06-08,2022-06
user_0065,8212.35,Mostaql,Translation,2022-06-03,2022-06
user_0065,8994.2,PeoplePerHour,Mobile Dev,2022-07-25,2022-07
user_0065,7833.13,Khamsat,Web Development,2022-08-16,2022-07
user_0065,641.52,Toptal,Translation,2022-09-03,2022-08
user_0065,10414.29,Upwork,Data Analysis,2022-09-03,2022-08
user_0065,8009.65,Freelancer.com,SEO,2022-10-01,2022-09
user_0065,1992.33,Local Agency,Video Editing,2022-10-13,2022-09
user_0065,10270.66,Local Agency,Data Analysis,2022-11-06,2022-10
user_0065,3589.68,PeoplePerHour,Video Editing,2023-01-17,2022-12
user_0065,1891.73,Freelancer.com,Translation,2023-01-04,2022-12
user_0065,6207.54,Freelancer.com,SEO,2023-02-08,2023-01
user_0065,7000.14,Khamsat,Web Development,2023-03-21,2023-02
user_0065,2349.09,Local Agency,Content Writing,2023-03-05,2023-02
user_0065,8264.95,Toptal,Accounting,2023-04-11,2023-03
user_0065,10694.54,PeoplePerHour,Web Development,2023-05-01,2023-04
user_0065,7110.45,Upwork,Mobile Dev,2023-06-19,2023-05
user_0065,11145.0,Mostaql,Mobile Dev,2023-07-20,2023-06
user_0065,1526.13,Local Agency,UI/UX,2023-08-08,2023-07
user_0065,7836.52,Khamsat,Mobile Dev,2023-08-01,2023-07
user_0065,8575.62,Freelancer.com,Accounting,2023-09-05,2023-08
user_0065,3810.25,Local Agency,SEO,2023-09-08,2023-08
user_0065,5244.02,Mostaql,Content Writing,2023-10-16,2023-09
user_0065,707.71,Khamsat,Mobile Dev,2023-10-04,2023-09
user_0065,4579.97,Toptal,Mobile Dev,2023-10-09,2023-09
user_0065,9615.73,Local Agency,Graphic Design,2023-10-26,2023-10
user_0065,8233.88,PeoplePerHour,Accounting,2023-12-13,2023-11
user_0065,811.7,PeoplePerHour,Video Editing,2023-12-17,2023-11
user_0065,591.67,Khamsat,Video Editing,2023-11-29,2023-11
user_0065,5593.87,PeoplePerHour,UI/UX,2024-01-11,2023-12
user_0065,1336.55,Mostaql,Accounting,2024-01-16,2023-12
user_0065,2402.98,Local Agency,Content Writing,2024-01-23,2024-01
user_0065,5287.8,PeoplePerHour,Video Editing,2024-02-07,2024-01
user_0065,9339.94,Khamsat,Mobile Dev,2024-02-27,2024-02
user_0065,2732.94,Mostaql,Graphic Design,2024-03-30,2024-03
user_0065,4589.01,Khamsat,Data Analysis,2024-04-02,2024-03
user_0065,8866.63,Local Agency,SEO,2024-05-03,2024-04
user_0066,11716.87,Upwork,Accounting,2022-06-05,2022-06
user_0066,3813.38,Toptal,Accounting,2022-07-23,2022-07
user_0066,3065.6,PeoplePerHour,Translation,2022-07-04,2022-07
user_0066,1007.6,Khamsat,Accounting,2022-07-07,2022-07
user_0066,7512.61,Toptal,Mobile Dev,2022-08-20,2022-07
user_0066,1889.93,Khamsat,Accounting,2022-09-21,2022-08
user_0066,486.92,Freelancer.com,Mobile Dev,2022-09-21,2022-08
user_0066,6485.09,Local Agency,UI/UX,2022-09-22,2022-08
user_0066,22938.54,Freelancer.com,Graphic Design,2022-10-24,2022-09
user_0066,9282.5,Mostaql,Mobile Dev,2022-11-08,2022-10
user_0066,8627.3,Local Agency,Web Development,2022-11-30,2022-11
user_0066,2561.26,Local Agency,UI/UX,2023-01-01,2022-12
user_0066,7324.84,Toptal,Mobile Dev,2023-01-12,2022-12
user_0066,2448.67,Upwork,UI/UX,2023-02-15,2023-01
user_0066,2596.6,Freelancer.com,Mobile Dev,2023-02-19,2023-01
user_0066,2347.14,Mostaql,Content Writing,2023-03-14,2023-02
user_0066,3748.63,Khamsat,Data Analysis,2023-02-27,2023-02
user_0066,7894.82,Freelancer.com,Accounting,2023-04-07,2023-03
user_0066,374.34,Freelancer.com,SEO,2023-04-12,2023-03
user_0066,10233.67,Upwork,Data Analysis,2023-05-22,2023-04
user_0066,10292.74,Upwork,Web Development,2023-06-15,2023-05
user_0066,9950.26,Mostaql,Content Writing,2023-07-05,2023-06
user_0066,18087.58,Direct Client,Graphic Design,2023-08-20,2023-07
user_0066,8779.7,Upwork,Mobile Dev,2023-09-02,2023-08
user_0066,9843.55,Local Agency,Accounting,2023-10-17,2023-09
user_0066,3995.99,PeoplePerHour,Graphic Design,2023-09-29,2023-09
user_0066,1270.09,Freelancer.com,Mobile Dev,2023-11-09,2023-10
user_0066,3210.15,Mostaql,Content Writing,2023-11-06,2023-10
user_0066,5817.38,Freelancer.com,Video Editing,2023-10-25,2023-10
user_0066,2199.18,Toptal,UI/UX,2023-12-08,2023-11
user_0066,3918.65,Khamsat,SEO,2023-12-04,2023-11
user_0066,1819.77,Freelancer.com,Graphic Design,2023-11-28,2023-11
user_0066,450.44,Mostaql,Web Development,2024-01-05,2023-12
user_0066,7344.94,Mostaql,Graphic Design,2024-01-08,2023-12
user_0066,7659.27,Toptal,SEO,2024-02-15,2024-01
user_0066,9111.17,Toptal,Content Writing,2024-02-27,2024-02
user_0066,1832.59,PeoplePerHour,Web Development,2024-03-29,2024-03
user_0066,6766.94,Freelancer.com,Graphic Design,2024-04-11,2024-03
user_0066,3293.92,PeoplePerHour,Web Development,2024-05-08,2024-04
user_0066,7118.6,Mostaql,Accounting,2024-05-09,2024-04
user_0067,4307.26,Freelancer.com,Web Development,2022-07-16,2022-07
user_0067,2523.26,Khamsat,Accounting,2022-07-04,2022-07
user_0067,4656.65,Toptal,Mobile Dev,2022-08-24,2022-07
user_0067,1144.7,Mostaql,Content Writing,2022-08-05,2022-07
user_0067,1743.1,PeoplePerHour,UI/UX,2022-09-03,2022-08
user_0067,5650.95,Freelancer.com,Translation,2022-10-02,2022-09
user_0067,6580.88,Toptal,Video Editing,2022-12-07,2022-11
user_0067,781.64,Mostaql,Graphic Design,2023-01-20,2022-12
user_0067,3337.65,Mostaql,Video Editing,2023-01-13,2022-12
user_0067,1033.73,Local Agency,Video Editing,2023-02-06,2023-01
user_0067,1181.72,PeoplePerHour,Web Development,2023-02-15,2023-01
user_0067,529.07,Mostaql,SEO,2023-03-06,2023-02
user_0067,1276.65,Local Agency,Video Editing,2023-03-31,2023-03
user_0067,1002.65,Direct Client,Content Writing,2023-05-18,2023-04
user_0067,923.54,Mostaql,Web Development,2023-04-27,2023-04
user_0067,674.93,Freelancer.com,Mobile Dev,2023-05-09,2023-04
user_0067,3064.91,Toptal,Translation,2023-05-30,2023-05
user_0067,2098.09,Khamsat,UI/UX,2023-07-04,2023-06
user_0067,2417.95,Mostaql,UI/UX,2023-07-01,2023-06
user_0067,8269.82,Upwork,Web Development,2023-08-01,2023-07
user_0067,1797.26,Upwork,Accounting,2023-09-01,2023-08
user_0067,7076.78,Toptal,SEO,2023-09-06,2023-08
user_0067,9167.31,Toptal,Web Development,2023-10-12,2023-09
user_0067,3314.91,Khamsat,Accounting,2023-11-06,2023-10
user_0067,2097.16,Freelancer.com,Web Development,2023-11-12,2023-10
user_0067,2500.0,Khamsat,Accounting,2023-12-06,2023-11
user_0067,1228.41,Khamsat,Data Analysis,2024-01-02,2023-12
user_0067,1190.55,PeoplePerHour,Translation,2024-01-05,2023-12
user_0067,500.0,Local Agency,Graphic Design,2024-02-11,2024-01
user_0067,2563.12,Direct Client,Content Writing,2024-03-15,2024-02
user_0067,765.72,Mostaql,Translation,2024-03-26,2024-03
user_0067,2397.2,Toptal,SEO,2024-04-15,2024-03
user_0067,2901.81,Khamsat,Content Writing,2024-05-11,2024-04
user_0067,286.44,Khamsat,Accounting,2024-05-06,2024-04
user_0068,6370.02,Local Agency,SEO,2022-06-20,2022-06
user_0068,5084.5,PeoplePerHour,SEO,2022-06-13,2022-06
user_0068,230.1,Mostaql,Web Development,2022-06-25,2022-06
user_0068,9302.61,Direct Client,Mobile Dev,2022-07-08,2022-07
user_0068,4438.06,Local Agency,Translation,2022-07-13,2022-07
user_0068,13250.01,Khamsat,Mobile Dev,2022-08-23,2022-07
user_0068,6474.57,Freelancer.com,UI/UX,2022-09-23,2022-08
user_0068,3505.14,Upwork,Web Development,2022-09-04,2022-08
user_0068,9672.22,Direct Client,Video Editing,2022-10-18,2022-09
user_0068,10940.75,Freelancer.com,Translation,2022-11-19,2022-10
user_0068,2620.03,Direct Client,Graphic Design,2022-11-29,2022-11
user_0068,500.0,PeoplePerHour,Graphic Design,2023-01-10,2022-12
user_0068,7241.63,Local Agency,Accounting,2023-02-12,2023-01
user_0068,730.46,Local Agency,Accounting,2023-03-09,2023-02
user_0068,1463.26,PeoplePerHour,Translation,2023-03-21,2023-02
user_0068,1513.11,Local Agency,Graphic Design,2023-03-20,2023-02
user_0068,10925.43,Toptal,Graphic Design,2023-05-06,2023-04
user_0068,4534.33,Upwork,SEO,2023-05-17,2023-04
user_0068,10701.61,PeoplePerHour,Graphic Design,2023-06-03,2023-05
user_0068,8954.88,Direct Client,Content Writing,2023-08-18,2023-07
user_0068,273.43,Local Agency,UI/UX,2023-08-19,2023-07
user_0068,6047.43,Khamsat,Content Writing,2023-09-11,2023-08
user_0068,774.31,Upwork,Mobile Dev,2023-08-25,2023-08
user_0068,2759.98,Toptal,Video Editing,2023-08-30,2023-08
user_0068,6018.49,Freelancer.com,Data Analysis,2023-10-27,2023-10
user_0068,19734.74,Direct Client,Mobile Dev,2023-11-26,2023-11
user_0068,7593.8,Local Agency,SEO,2024-01-03,2023-12
user_0068,970.76,Freelancer.com,Web Development,2024-03-14,2024-02
user_0068,1175.65,Khamsat,Accounting,2024-03-09,2024-02
user_0068,3323.64,PeoplePerHour,Mobile Dev,2024-03-31,2024-03
user_0068,1424.48,Mostaql,Accounting,2024-04-23,2024-04
user_0069,9744.68,Toptal,Graphic Design,2022-06-21,2022-06
user_0069,3897.38,Direct Client,Video Editing,2022-07-25,2022-07
user_0069,6432.37,Toptal,Web Development,2022-08-12,2022-07
user_0069,4521.89,Upwork,UI/UX,2022-09-10,2022-08
user_0069,462.11,PeoplePerHour,Translation,2022-10-12,2022-09
user_0069,7935.01,Direct Client,Translation,2022-10-16,2022-09
user_0069,3343.73,Khamsat,Translation,2022-11-17,2022-10
user_0069,1831.47,Direct Client,Translation,2022-11-06,2022-10
user_0069,2814.8,Direct Client,Video Editing,2022-12-20,2022-11
user_0069,5344.03,Freelancer.com,Accounting,2022-12-02,2022-11
user_0069,2249.75,Freelancer.com,Web Development,2022-12-28,2022-12
user_0069,1595.49,Local Agency,SEO,2023-01-01,2022-12
user_0069,3537.61,Khamsat,Content Writing,2023-02-20,2023-01
user_0069,5728.35,Freelancer.com,Accounting,2023-03-01,2023-02
user_0069,7353.14,Local Agency,Translation,2023-05-04,2023-04
user_0069,140.28,Freelancer.com,Mobile Dev,2023-05-03,2023-04
user_0069,12623.11,Direct Client,Graphic Design,2023-06-13,2023-05
user_0069,10387.86,Upwork,Mobile Dev,2023-07-11,2023-06
user_0069,7222.82,Local Agency,Data Analysis,2023-07-31,2023-07
user_0069,7617.56,Toptal,SEO,2023-09-06,2023-08
user_0069,22672.2,Upwork,Web Development,2023-10-11,2023-09
user_0069,9083.95,Direct Client,UI/UX,2023-12-15,2023-11
user_0069,874.89,PeoplePerHour,Translation,2023-11-26,2023-11
user_0069,3378.33,PeoplePerHour,Data Analysis,2023-12-25,2023-12
user_0069,6110.28,PeoplePerHour,Translation,2024-02-16,2024-01
user_0069,2508.64,Freelancer.com,UI/UX,2024-02-08,2024-01
user_0069,10348.64,Khamsat,Accounting,2024-03-14,2024-02
user_0069,8666.13,Freelancer.com,Video Editing,2024-04-07,2024-03
user_0069,3012.23,Freelancer.com,Data Analysis,2024-04-12,2024-03
user_0069,2261.24,PeoplePerHour,Data Analysis,2024-05-12,2024-04
user_0069,3550.07,Local Agency,Graphic Design,2024-04-24,2024-04
user_0069,2511.19,Upwork,SEO,2024-04-22,2024-04
user_0070,2768.5,Khamsat,Translation,2022-06-23,2022-06
user_0070,2395.06,Khamsat,Mobile Dev,2022-07-12,2022-07
user_0070,15001.47,Direct Client,Web Development,2022-08-31,2022-08
user_0070,2297.65,Toptal,Web Development,2022-10-17,2022-09
user_0070,1567.61,PeoplePerHour,UI/UX,2022-11-22,2022-10
user_0070,2168.41,Local Agency,Accounting,2022-11-10,2022-10
user_0070,3328.99,PeoplePerHour,UI/UX,2022-11-04,2022-10
user_0070,1035.97,Khamsat,Accounting,2022-12-01,2022-11
user_0070,9839.36,PeoplePerHour,UI/UX,2023-01-02,2022-12
user_0070,74.15,Upwork,SEO,2023-01-10,2022-12
user_0070,7647.25,Freelancer.com,UI/UX,2023-02-15,2023-01
user_0070,1322.77,Freelancer.com,Video Editing,2023-04-20,2023-03
user_0070,1730.5,Khamsat,Graphic Design,2023-03-31,2023-03
user_0070,1808.08,Upwork,Video Editing,2023-04-06,2023-03
user_0070,9757.68,Direct Client,Data Analysis,2023-04-29,2023-04
user_0070,8987.99,Toptal,Mobile Dev,2023-06-15,2023-05
user_0070,515.65,Toptal,Data Analysis,2023-07-01,2023-06
user_0070,4467.87,Mostaql,Video Editing,2023-07-10,2023-06
user_0070,580.8,Khamsat,Mobile Dev,2023-07-18,2023-06
user_0070,5593.77,Direct Client,Accounting,2023-08-05,2023-07
user_0070,2372.15,Khamsat,Web Development,2023-08-29,2023-08
user_0070,3844.65,Freelancer.com,Translation,2023-09-11,2023-08
user_0070,10677.75,Direct Client,Accounting,2023-10-15,2023-09
user_0070,1649.46,PeoplePerHour,Content Writing,2023-11-05,2023-10
user_0070,2326.94,Toptal,UI/UX,2023-11-07,2023-10
user_0070,2846.59,Mostaql,Content Writing,2023-11-26,2023-11
user_0070,11990.03,Toptal,SEO,2023-12-02,2023-11
user_0070,6750.16,Upwork,Accounting,2024-01-16,2023-12
user_0070,3228.08,Upwork,Accounting,2024-02-05,2024-01
user_0070,3787.2,Direct Client,Video Editing,2024-02-04,2024-01
user_0070,16289.91,Freelancer.com,Translation,2024-02-23,2024-02
user_0070,5739.59,Mostaql,Video Editing,2024-03-23,2024-03
user_0070,174.94,Toptal,Web Development,2024-04-21,2024-04
user_0070,325.06,Direct Client,Translation,2024-04-30,2024-04
user_0071,2202.54,Freelancer.com,Accounting,2022-06-07,2022-06
user_0071,1328.81,Freelancer.com,Translation,2022-06-01,2022-06
user_0071,7528.06,Toptal,Mobile Dev,2022-07-17,2022-07
user_0071,3997.3,Direct Client,Video Editing,2022-08-25,2022-07
user_0071,12028.32,Khamsat,Web Development,2022-08-16,2022-07
user_0071,7151.52,Local Agency,Graphic Design,2022-09-10,2022-08
user_0071,5526.45,Toptal,Video Editing,2022-10-09,2022-09
user_0071,834.54,Khamsat,Graphic Design,2022-10-11,2022-09
user_0071,7540.12,Freelancer.com,Video Editing,2022-11-12,2022-10
user_0071,6353.95,Freelancer.com,Content Writing,2022-11-30,2022-11
user_0071,15363.73,Direct Client,Video Editing,2023-02-06,2023-01
user_0071,6633.56,Toptal,Content Writing,2023-03-03,2023-02
user_0071,1146.92,PeoplePerHour,Content Writing,2023-03-09,2023-02
user_0071,4986.84,Direct Client,Mobile Dev,2023-04-19,2023-03
user_0071,907.84,Khamsat,UI/UX,2023-05-13,2023-04
user_0071,6708.27,Toptal,Graphic Design,2023-04-28,2023-04
user_0071,6235.29,Direct Client,Web Development,2023-06-16,2023-05
user_0071,2466.3,Direct Client,Data Analysis,2023-06-04,2023-05
user_0071,4983.13,Local Agency,UI/UX,2023-07-17,2023-06
user_0071,3431.23,Direct Client,Content Writing,2023-07-07,2023-06
user_0071,17889.63,Direct Client,Accounting,2023-08-02,2023-07
user_0071,11379.72,Khamsat,Web Development,2023-08-25,2023-08
user_0071,7969.62,Khamsat,Accounting,2023-11-10,2023-10
user_0071,24998.64,Toptal,Video Editing,2023-12-03,2023-11
user_0071,9132.26,Upwork,Accounting,2023-12-24,2023-12
user_0071,10950.06,Upwork,Content Writing,2024-01-02,2023-12
user_0071,7346.03,Khamsat,SEO,2024-01-22,2024-01
user_0071,530.44,Toptal,Accounting,2024-01-28,2024-01
user_0071,4208.12,Direct Client,UI/UX,2024-02-24,2024-02
user_0071,4669.25,Khamsat,UI/UX,2024-03-05,2024-02
user_0071,6274.73,Toptal,Graphic Design,2024-04-09,2024-03
user_0071,1333.06,Local Agency,Graphic Design,2024-05-12,2024-04
user_0071,397.33,Local Agency,Video Editing,2024-05-05,2024-04
user_0071,9109.93,Toptal,Accounting,2024-04-26,2024-04
user_0072,7817.74,Upwork,Translation,2022-06-18,2022-06
user_0072,2979.09,Toptal,SEO,2022-06-08,2022-06
user_0072,4393.41,Local Agency,Web Development,2022-07-10,2022-07
user_0072,1931.72,PeoplePerHour,Accounting,2022-07-13,2022-07
user_0072,8615.45,Toptal,Data Analysis,2022-08-18,2022-07
user_0072,11161.79,Direct Client,Video Editing,2022-08-07,2022-07
user_0072,11261.69,Freelancer.com,Graphic Design,2022-09-01,2022-08
user_0072,8704.47,Upwork,Web Development,2022-10-20,2022-09
user_0072,20052.96,Mostaql,Web Development,2022-12-02,2022-11
user_0072,5467.41,Upwork,UI/UX,2023-01-09,2022-12
user_0072,2064.79,Upwork,Data Analysis,2023-01-15,2022-12
user_0072,10773.79,Freelancer.com,Data Analysis,2023-01-27,2023-01
user_0072,6585.4,Mostaql,Data Analysis,2023-02-11,2023-01
user_0072,1673.89,Freelancer.com,Graphic Design,2023-03-17,2023-02
user_0072,37.21,Direct Client,Accounting,2023-03-13,2023-02
user_0072,2505.13,Toptal,SEO,2023-02-27,2023-02
user_0072,840.42,PeoplePerHour,Translation,2023-04-17,2023-03
user_0072,737.78,Toptal,Web Development,2023-04-19,2023-03
user_0072,2094.72,Upwork,Mobile Dev,2023-05-10,2023-04
user_0072,3042.32,PeoplePerHour,Web Development,2023-06-05,2023-05
user_0072,4921.73,Local Agency,Web Development,2023-07-19,2023-06
user_0072,12898.04,Freelancer.com,SEO,2023-08-03,2023-07
user_0072,4785.55,PeoplePerHour,SEO,2023-09-17,2023-08
user_0072,4590.71,Toptal,UI/UX,2023-09-03,2023-08
user_0072,2809.66,Khamsat,SEO,2023-10-15,2023-09
user_0072,4897.36,Freelancer.com,Data Analysis,2023-10-13,2023-09
user_0072,11190.55,Upwork,Graphic Design,2023-10-24,2023-10
user_0072,5937.38,Local Agency,UI/UX,2023-11-29,2023-11
user_0072,5274.2,Direct Client,UI/UX,2024-01-07,2023-12
user_0072,11905.03,Direct Client,Mobile Dev,2024-02-14,2024-01
user_0072,221.44,Mostaql,Mobile Dev,2024-03-12,2024-02
user_0072,31.37,Direct Client,Data Analysis,2024-03-15,2024-02
user_0072,247.19,Upwork,Graphic Design,2024-03-02,2024-02
user_0072,7821.59,Toptal,SEO,2024-04-08,2024-03
user_0073,860.67,Mostaql,Mobile Dev,2022-06-22,2022-06
user_0073,500.0,Direct Client,Content Writing,2022-07-19,2022-07
user_0073,500.0,Freelancer.com,Graphic Design,2022-08-25,2022-07
user_0073,4543.42,Khamsat,Accounting,2022-09-21,2022-08
user_0073,475.72,Freelancer.com,Content Writing,2022-09-22,2022-08
user_0073,797.99,Upwork,SEO,2022-09-29,2022-09
user_0073,3238.89,Direct Client,UI/UX,2022-10-04,2022-09
user_0073,3337.74,Khamsat,Video Editing,2022-12-03,2022-11
user_0073,1525.84,Toptal,Translation,2022-12-01,2022-11
user_0073,3953.4,Toptal,Web Development,2023-01-18,2022-12
user_0073,3955.84,Mostaql,Mobile Dev,2023-01-31,2023-01
user_0073,2628.72,Direct Client,Mobile Dev,2023-03-01,2023-02
user_0073,1826.31,Toptal,Content Writing,2023-04-08,2023-03
user_0073,2974.58,Khamsat,Video Editing,2023-05-01,2023-04
user_0073,393.8,Upwork,Accounting,2023-06-18,2023-05
user_0073,814.13,Freelancer.com,Data Analysis,2023-06-04,2023-05
user_0073,2810.96,Mostaql,UI/UX,2023-07-09,2023-06
user_0073,5263.27,Mostaql,Data Analysis,2023-08-15,2023-07
user_0073,3097.64,Toptal,Mobile Dev,2023-08-28,2023-08
user_0073,4358.61,Mostaql,Accounting,2023-09-06,2023-08
user_0073,3553.14,Khamsat,Translation,2023-10-14,2023-09
user_0073,6571.95,Mostaql,Content Writing,2023-10-30,2023-10
user_0073,32.56,Mostaql,SEO,2023-11-01,2023-10
user_0073,2525.53,Toptal,UI/UX,2023-11-29,2023-11
user_0073,1036.1,Freelancer.com,Content Writing,2023-12-16,2023-11
user_0073,2877.64,Local Agency,UI/UX,2023-12-27,2023-12
user_0073,3112.77,Local Agency,Data Analysis,2024-01-30,2024-01
user_0073,2846.2,Khamsat,Graphic Design,2024-02-29,2024-02
user_0073,475.03,PeoplePerHour,Content Writing,2024-05-03,2024-04
user_0073,24.97,PeoplePerHour,Mobile Dev,2024-05-15,2024-04
user_0074,43.48,Freelancer.com,Content Writing,2022-06-22,2022-06
user_0074,3205.79,PeoplePerHour,Graphic Design,2022-06-26,2022-06
user_0074,8607.02,Direct Client,Data Analysis,2022-07-23,2022-07
user_0074,5947.2,Khamsat,Data Analysis,2022-09-17,2022-08
user_0074,2.02,PeoplePerHour,Video Editing,2022-09-21,2022-08
user_0074,5199.1,Toptal,Content Writing,2022-10-17,2022-09
user_0074,3899.89,Direct Client,SEO,2022-10-10,2022-09
user_0074,6167.9,Direct Client,Data Analysis,2022-10-30,2022-10
user_0074,9675.06,Local Agency,Data Analysis,2022-11-09,2022-10
user_0074,3748.41,PeoplePerHour,Accounting,2022-12-10,2022-11
user_0074,64.42,Mostaql,Content Writing,2022-12-29,2022-12
user_0074,1748.97,Mostaql,Content Writing,2023-01-06,2022-12
user_0074,35.43,Local Agency,Graphic Design,2023-01-04,2022-12
user_0074,5588.63,Direct Client,Video Editing,2023-02-02,2023-01
user_0074,390.32,Mostaql,Graphic Design,2023-03-12,2023-02
user_0074,3324.52,Freelancer.com,Video Editing,2023-02-28,2023-02
user_0074,3816.3,Upwork,Accounting,2023-04-21,2023-03
user_0074,148.3,Local Agency,SEO,2023-05-10,2023-04
user_0074,4869.26,Khamsat,Content Writing,2023-05-17,2023-04
user_0074,9039.27,Freelancer.com,Translation,2023-07-20,2023-06
user_0074,219.24,Freelancer.com,Web Development,2023-08-02,2023-07
user_0074,8414.93,Upwork,Accounting,2023-07-28,2023-07
user_0074,767.19,Upwork,Data Analysis,2023-07-29,2023-07
user_0074,19950.37,Khamsat,Accounting,2023-08-26,2023-08
user_0074,1878.59,Toptal,SEO,2023-09-04,2023-08
user_0074,12578.96,Direct Client,UI/UX,2023-09-24,2023-09
user_0074,9337.27,Mostaql,Content Writing,2023-11-13,2023-10
user_0074,3149.98,Mostaql,Accounting,2023-12-11,2023-11
user_0074,4371.56,Mostaql,Video Editing,2023-11-23,2023-11
user_0074,6618.22,Upwork,Translation,2024-01-09,2023-12
user_0074,4953.21,Toptal,Video Editing,2024-02-13,2024-01
user_0074,772.99,Local Agency,SEO,2024-02-05,2024-01
user_0074,8518.93,Mostaql,UI/UX,2024-03-11,2024-02
user_0074,11452.5,Mostaql,Data Analysis,2024-03-24,2024-03
user_0074,9232.63,Freelancer.com,Graphic Design,2024-05-09,2024-04
user_0075,15863.27,Direct Client,Mobile Dev,2022-07-04,2022-07
user_0075,2346.74,Mostaql,Graphic Design,2022-08-21,2022-07
user_0075,5305.98,Khamsat,Translation,2022-09-08,2022-08
user_0075,3429.85,Local Agency,Data Analysis,2022-10-07,2022-09
user_0075,3380.89,Khamsat,Content Writing,2022-10-23,2022-09
user_0075,1489.78,Direct Client,Web Development,2022-11-12,2022-10
user_0075,3758.95,Local Agency,Data Analysis,2022-11-04,2022-10
user_0075,5434.87,Direct Client,Translation,2022-12-14,2022-11
user_0075,280.22,Direct Client,Content Writing,2022-12-06,2022-11
user_0075,2700.46,Toptal,Web Development,2022-12-29,2022-12
user_0075,326.37,Direct Client,Web Development,2023-01-17,2022-12
user_0075,1013.58,Local Agency,Translation,2023-01-17,2022-12
user_0075,1879.94,PeoplePerHour,UI/UX,2023-02-11,2023-01
user_0075,4428.01,Local Agency,Translation,2023-02-07,2023-01
user_0075,1333.77,Local Agency,Mobile Dev,2023-03-08,2023-02
user_0075,1197.15,Direct Client,Video Editing,2023-03-05,2023-02
user_0075,1047.45,Direct Client,Translation,2023-03-05,2023-02
user_0075,3966.86,Khamsat,Web Development,2023-04-04,2023-03
user_0075,762.42,Toptal,Graphic Design,2023-05-11,2023-04
user_0075,4163.22,Mostaql,Web Development,2023-05-30,2023-05
user_0075,1521.16,Toptal,Content Writing,2023-06-10,2023-05
user_0075,8586.8,Upwork,Accounting,2023-06-04,2023-05
user_0075,5247.62,Mostaql,Translation,2023-07-17,2023-06
user_0075,20858.29,Mostaql,Web Development,2023-08-09,2023-07
user_0075,1450.84,Freelancer.com,Translation,2023-09-26,2023-09
user_0075,1294.7,PeoplePerHour,Video Editing,2023-10-04,2023-09
user_0075,1678.51,Toptal,Translation,2023-10-16,2023-09
user_0075,3040.03,Upwork,SEO,2023-10-27,2023-10
user_0075,4620.44,Upwork,Translation,2023-12-15,2023-11
user_0075,8134.59,Upwork,Mobile Dev,2024-01-07,2023-12
user_0075,4057.76,Direct Client,Web Development,2024-02-25,2024-02
user_0075,90.47,Direct Client,Mobile Dev,2024-02-21,2024-02
user_0075,8855.09,PeoplePerHour,Video Editing,2024-03-25,2024-03
user_0075,12808.04,Upwork,Mobile Dev,2024-04-27,2024-04
user_0075,3749.28,Upwork,Mobile Dev,2024-05-07,2024-04
user_0076,5424.8,Khamsat,Content Writing,2022-06-24,2022-06
user_0076,4515.31,Freelancer.com,Video Editing,2022-07-19,2022-07
user_0076,6073.08,Mostaql,Translation,2022-08-18,2022-07
user_0076,364.22,Toptal,Content Writing,2022-10-02,2022-09
user_0076,2579.83,Mostaql,Accounting,2022-10-08,2022-09
user_0076,15476.48,Upwork,Translation,2022-11-19,2022-10
user_0076,11443.13,Khamsat,SEO,2022-12-07,2022-11
user_0076,4280.88,Direct Client,Data Analysis,2022-11-28,2022-11
user_0076,12254.47,Local Agency,Video Editing,2022-12-31,2022-12
user_0076,3219.03,Direct Client,Mobile Dev,2023-03-02,2023-02
user_0076,1646.18,Local Agency,SEO,2023-04-05,2023-03
user_0076,1928.33,Freelancer.com,Translation,2023-04-02,2023-03
user_0076,1945.09,Direct Client,Translation,2023-05-17,2023-04
user_0076,857.43,Freelancer.com,Data Analysis,2023-05-08,2023-04
user_0076,3342.11,Toptal,UI/UX,2023-06-09,2023-05
user_0076,7815.48,Mostaql,Mobile Dev,2023-06-17,2023-05
user_0076,273.47,Mostaql,Translation,2023-07-02,2023-06
user_0076,505.07,Toptal,Web Development,2023-07-12,2023-06
user_0076,110.66,Khamsat,Accounting,2023-07-01,2023-06
user_0076,6704.11,PeoplePerHour,Video Editing,2023-08-06,2023-07
user_0076,7423.69,Freelancer.com,Data Analysis,2023-08-27,2023-08
user_0076,1481.11,PeoplePerHour,Mobile Dev,2023-09-28,2023-09
user_0076,8213.29,PeoplePerHour,Mobile Dev,2023-10-04,2023-09
user_0076,22917.23,Local Agency,Web Development,2023-11-11,2023-10
user_0076,1188.06,PeoplePerHour,Accounting,2023-12-01,2023-11
user_0076,1614.92,Freelancer.com,Data Analysis,2023-12-11,2023-11
user_0076,5359.14,Mostaql,Graphic Design,2023-12-03,2023-11
user_0076,7609.98,Local Agency,Graphic Design,2024-02-21,2024-02
user_0076,2624.6,Toptal,Web Development,2024-02-28,2024-02
user_0076,3429.54,Upwork,Web Development,2024-03-25,2024-03
user_0076,7094.56,Mostaql,Graphic Design,2024-05-02,2024-04
user_0076,742.81,Upwork,UI/UX,2024-04-22,2024-04
user_0077,1363.54,Local Agency,Web Development,2022-06-15,2022-06
user_0077,2971.67,PeoplePerHour,Data Analysis,2022-06-25,2022-06
user_0077,2041.76,Khamsat,Web Development,2022-07-22,2022-07
user_0077,4656.83,PeoplePerHour,Data Analysis,2022-07-14,2022-07
user_0077,953.93,Toptal,Video Editing,2022-07-16,2022-07
user_0077,3991.54,Khamsat,Accounting,2022-09-19,2022-08
user_0077,285.13,Freelancer.com,Mobile Dev,2022-10-10,2022-09
user_0077,1140.51,Direct Client,Data Analysis,2022-10-15,2022-09
user_0077,3345.19,Direct Client,Data Analysis,2022-11-04,2022-10
user_0077,1235.58,PeoplePerHour,SEO,2022-11-19,2022-10
user_0077,728.4,Mostaql,Mobile Dev,2022-12-02,2022-11
user_0077,2579.25,Khamsat,Translation,2022-11-29,2022-11
user_0077,4106.3,PeoplePerHour,SEO,2023-01-10,2022-12
user_0077,408.96,Khamsat,Data Analysis,2023-03-05,2023-02
user_0077,91.04,Khamsat,SEO,2023-03-01,2023-02
user_0077,4326.22,Direct Client,UI/UX,2023-04-20,2023-03
user_0077,5012.67,Freelancer.com,Data Analysis,2023-05-16,2023-04
user_0077,4517.46,PeoplePerHour,Content Writing,2023-06-02,2023-05
user_0077,5577.37,Freelancer.com,SEO,2023-07-20,2023-06
user_0077,7900.9,Khamsat,Translation,2023-08-03,2023-07
user_0077,1380.22,Direct Client,Content Writing,2023-09-08,2023-08
user_0077,3451.97,Local Agency,Graphic Design,2023-08-25,2023-08
user_0077,5393.52,Khamsat,Graphic Design,2023-10-02,2023-09
user_0077,6317.61,Local Agency,Graphic Design,2023-11-12,2023-10
user_0077,1003.86,Freelancer.com,Video Editing,2023-12-15,2023-11
user_0077,1287.01,Local Agency,Data Analysis,2023-11-30,2023-11
user_0077,7949.55,Khamsat,Accounting,2023-12-25,2023-12
user_0077,259.09,Local Agency,Data Analysis,2024-01-25,2024-01
user_0077,4211.32,Toptal,Graphic Design,2024-01-27,2024-01
user_0077,1576.32,Khamsat,Video Editing,2024-02-21,2024-02
user_0077,474.49,Direct Client,Translation,2024-05-16,2024-04
user_0077,3215.97,Freelancer.com,Web Development,2024-04-21,2024-04
user_0078,9568.19,Freelancer.com,Data Analysis,2022-06-20,2022-06
user_0078,7141.01,Khamsat,Web Development,2022-07-24,2022-07
user_0078,1910.02,Khamsat,Web Development,2022-08-07,2022-07
user_0078,4543.32,Local Agency,Translation,2022-07-31,2022-07
user_0078,4290.27,Upwork,Graphic Design,2022-09-19,2022-08
user_0078,2230.73,Upwork,UI/UX,2022-09-22,2022-08
user_0078,6043.2,Direct Client,Data Analysis,2022-10-13,2022-09
user_0078,1094.65,Toptal,Mobile Dev,2022-10-18,2022-09
user_0078,8337.68,Direct Client,Accounting,2022-11-22,2022-10
user_0078,5665.86,Local Agency,Video Editing,2022-12-01,2022-11
user_0078,2181.42,Freelancer.com,Content Writing,2023-01-09,2022-12
user_0078,2408.94,Mostaql,Data Analysis,2023-01-18,2022-12
user_0078,1069.07,Upwork,Content Writing,2023-01-28,2023-01
user_0078,3897.31,Direct Client,Translation,2023-02-06,2023-01
user_0078,1211.65,Direct Client,Video Editing,2023-03-15,2023-02
user_0078,2383.81,Upwork,Content Writing,2023-02-27,2023-02
user_0078,1165.87,Local Agency,Video Editing,2023-03-28,2023-03
user_0078,6007.38,Local Agency,UI/UX,2023-04-17,2023-03
user_0078,3680.88,Freelancer.com,UI/UX,2023-05-08,2023-04
user_0078,3477.21,Upwork,Content Writing,2023-05-18,2023-04
user_0078,2536.52,Toptal,Data Analysis,2023-05-22,2023-04
user_0078,2679.12,Khamsat,Graphic Design,2023-06-13,2023-05
user_0078,804.95,Direct Client,Data Analysis,2023-06-08,2023-05
user_0078,8095.26,Local Agency,Accounting,2023-07-01,2023-06
user_0078,1017.18,Direct Client,Accounting,2023-07-09,2023-06
user_0078,8785.47,Freelancer.com,Video Editing,2023-08-06,2023-07
user_0078,4957.93,Direct Client,Mobile Dev,2023-09-05,2023-08
user_0078,2790.1,Khamsat,Mobile Dev,2023-08-25,2023-08
user_0078,5488.25,Mostaql,SEO,2023-10-12,2023-09
user_0078,10702.2,Local Agency,Mobile Dev,2023-11-14,2023-10
user_0078,3092.75,Upwork,Mobile Dev,2023-11-27,2023-11
user_0078,86.58,Upwork,UI/UX,2023-11-23,2023-11
user_0078,1490.51,Upwork,Mobile Dev,2023-11-26,2023-11
user_0078,22600.15,PeoplePerHour,Accounting,2024-01-03,2023-12
user_0078,11447.53,Direct Client,Data Analysis,2024-02-04,2024-01
user_0078,180.54,Upwork,Video Editing,2024-02-28,2024-02
user_0078,7264.75,Khamsat,Data Analysis,2024-02-27,2024-02
user_0078,1476.0,Local Agency,Video Editing,2024-03-16,2024-02
user_0078,9884.72,Mostaql,UI/UX,2024-04-08,2024-03
user_0078,8387.84,Freelancer.com,SEO,2024-04-11,2024-03
user_0078,1164.74,Direct Client,Translation,2024-03-24,2024-03
user_0078,10385.13,Upwork,Translation,2024-05-07,2024-04
user_0079,8433.12,Direct Client,Content Writing,2022-06-05,2022-06
user_0079,5629.71,Toptal,Video Editing,2022-07-18,2022-07
user_0079,11725.53,Toptal,Content Writing,2022-07-18,2022-07
user_0079,512.09,Direct Client,Mobile Dev,2022-07-23,2022-07
user_0079,4669.24,Khamsat,Content Writing,2022-08-07,2022-07
user_0079,410.4,Local Agency,Video Editing,2022-09-11,2022-08
user_0079,13608.64,Direct Client,Content Writing,2022-09-14,2022-08
user_0079,18716.43,Freelancer.com,Translation,2022-10-12,2022-09
user_0079,6374.84,Mostaql,Graphic Design,2022-11-05,2022-10
user_0079,2561.72,Local Agency,SEO,2022-12-06,2022-11
user_0079,2514.9,Local Agency,Data Analysis,2022-12-01,2022-11
user_0079,1201.17,Direct Client,Video Editing,2022-11-29,2022-11
user_0079,4895.88,PeoplePerHour,SEO,2023-01-21,2022-12
user_0079,110.28,Local Agency,Mobile Dev,2023-01-31,2023-01
user_0079,1531.08,Upwork,SEO,2023-02-04,2023-01
user_0079,3566.77,Local Agency,Video Editing,2023-02-14,2023-01
user_0079,2653.35,Direct Client,Web Development,2023-03-10,2023-02
user_0079,1514.57,Freelancer.com,Video Editing,2023-03-19,2023-02
user_0079,2358.68,Mostaql,Content Writing,2023-04-17,2023-03
user_0079,6999.16,Direct Client,Web Development,2023-04-16,2023-03
user_0079,21115.1,Upwork,Data Analysis,2023-05-11,2023-04
user_0079,10841.95,Toptal,Web Development,2023-06-16,2023-05
user_0079,8173.84,Mostaql,UI/UX,2023-07-09,2023-06
user_0079,10786.49,PeoplePerHour,Graphic Design,2023-07-30,2023-07
user_0079,4927.4,PeoplePerHour,Video Editing,2023-09-11,2023-08
user_0079,1790.95,Toptal,Translation,2023-09-11,2023-08
user_0079,2620.85,Direct Client,Graphic Design,2023-09-13,2023-08
user_0079,8579.72,Local Agency,UI/UX,2023-09-28,2023-09
user_0079,1244.63,Direct Client,Data Analysis,2023-10-07,2023-09
user_0079,11489.52,Toptal,Graphic Design,2023-11-04,2023-10
user_0079,3682.31,PeoplePerHour,Video Editing,2023-12-06,2023-11
user_0079,330.93,Mostaql,Graphic Design,2023-12-18,2023-11
user_0079,4578.07,Upwork,Accounting,2023-11-26,2023-11
user_0079,9186.61,PeoplePerHour,SEO,2023-12-26,2023-12
user_0079,2294.29,Local Agency,Graphic Design,2024-02-01,2024-01
user_0079,3827.09,Khamsat,Graphic Design,2024-01-28,2024-01
user_0079,8612.72,Freelancer.com,Web Development,2024-02-25,2024-02
user_0079,6466.38,PeoplePerHour,Content Writing,2024-04-12,2024-03
user_0079,2752.25,Local Agency,Accounting,2024-03-30,2024-03
user_0079,10880.64,Upwork,UI/UX,2024-05-02,2024-04
user_0080,2014.7,Direct Client,UI/UX,2022-06-10,2022-06
user_0080,1201.91,Toptal,UI/UX,2022-06-01,2022-06
user_0080,4734.24,PeoplePerHour,Video Editing,2022-07-19,2022-07
user_0080,3306.15,Local Agency,Mobile Dev,2022-08-25,2022-07
user_0080,1504.52,Freelancer.com,Video Editing,2022-08-17,2022-07
user_0080,1232.13,Local Agency,Content Writing,2022-09-18,2022-08
user_0080,4615.98,Freelancer.com,Video Editing,2022-09-15,2022-08
user_0080,16325.45,Direct Client,Content Writing,2022-10-24,2022-09
user_0080,6308.24,Freelancer.com,SEO,2022-11-17,2022-10
user_0080,5819.93,Local Agency,Mobile Dev,2022-12-17,2022-11
user_0080,5276.73,Local Agency,SEO,2023-01-13,2022-12
user_0080,5033.36,Freelancer.com,UI/UX,2023-02-11,2023-01
user_0080,19350.4,Khamsat,Web Development,2023-03-05,2023-02
user_0080,481.27,Local Agency,Video Editing,2023-04-16,2023-03
user_0080,4101.65,Freelancer.com,Translation,2023-03-31,2023-03
user_0080,12971.21,Toptal,Mobile Dev,2023-04-07,2023-03
user_0080,6930.7,Upwork,Content Writing,2023-05-10,2023-04
user_0080,2846.8,Mostaql,SEO,2023-06-21,2023-05
user_0080,1446.55,Toptal,Accounting,2023-06-15,2023-05
user_0080,2947.02,Local Agency,Content Writing,2023-06-09,2023-05
user_0080,2256.65,Direct Client,Mobile Dev,2023-07-18,2023-06
user_0080,902.76,Mostaql,SEO,2023-07-01,2023-06
user_0080,5564.16,Local Agency,Mobile Dev,2023-07-02,2023-06
user_0080,3278.39,Direct Client,SEO,2023-08-04,2023-07
user_0080,3938.17,Freelancer.com,Content Writing,2023-08-13,2023-07
user_0080,16728.02,Mostaql,SEO,2023-09-08,2023-08
user_0080,1446.17,Freelancer.com,Video Editing,2023-09-08,2023-08
user_0080,1273.86,Local Agency,Web Development,2023-10-17,2023-09
user_0080,9464.1,Mostaql,Accounting,2023-09-26,2023-09
user_0080,754.55,Khamsat,Video Editing,2023-11-17,2023-10
user_0080,824.38,Freelancer.com,SEO,2023-11-02,2023-10
user_0080,9243.48,Toptal,Web Development,2023-11-01,2023-10
user_0080,18987.49,Toptal,Video Editing,2023-12-15,2023-11
user_0080,1809.31,Upwork,Data Analysis,2023-12-24,2023-12
user_0080,6184.79,PeoplePerHour,Translation,2024-01-02,2023-12
user_0080,2178.28,Toptal,UI/UX,2024-01-14,2023-12
user_0080,7760.06,Mostaql,Web Development,2024-01-26,2024-01
user_0080,3471.85,Local Agency,Translation,2024-04-10,2024-03
user_0080,5552.6,Freelancer.com,Data Analysis,2024-03-31,2024-03
user_0080,8023.69,Upwork,Mobile Dev,2024-05-12,2024-04
user_0081,2002.19,Local Agency,Content Writing,2022-06-11,2022-06
user_0081,4617.93,Direct Client,UI/UX,2022-06-22,2022-06
user_0081,1054.37,Toptal,Graphic Design,2022-07-03,2022-07
user_0081,2511.69,Freelancer.com,Mobile Dev,2022-07-19,2022-07
user_0081,176.71,Toptal,Data Analysis,2022-08-24,2022-07
user_0081,20.45,Toptal,Accounting,2022-08-01,2022-07
user_0081,302.84,Upwork,Video Editing,2022-08-10,2022-07
user_0081,2609.1,Khamsat,Translation,2022-08-31,2022-08
user_0081,5796.47,Direct Client,Video Editing,2022-09-14,2022-08
user_0081,2705.94,Local Agency,Data Analysis,2022-11-16,2022-10
user_0081,3594.11,Toptal,Mobile Dev,2022-10-31,2022-10
user_0081,2880.03,Direct Client,Mobile Dev,2022-12-11,2022-11
user_0081,2358.21,Mostaql,Mobile Dev,2022-12-28,2022-12
user_0081,333.16,Mostaql,Graphic Design,2023-01-07,2022-12
user_0081,425.33,Mostaql,Graphic Design,2023-01-12,2022-12
user_0081,1011.1,Upwork,Video Editing,2023-03-05,2023-02
user_0081,1852.58,Upwork,Content Writing,2023-02-28,2023-02
user_0081,3524.34,Freelancer.com,Data Analysis,2023-04-17,2023-03
user_0081,62.7,Upwork,Video Editing,2023-05-18,2023-04
user_0081,437.3,Mostaql,Mobile Dev,2023-05-09,2023-04
user_0081,466.1,Local Agency,SEO,2023-06-10,2023-05
user_0081,33.9,PeoplePerHour,Data Analysis,2023-06-12,2023-05
user_0081,3967.11,PeoplePerHour,UI/UX,2023-07-04,2023-06
user_0081,7020.35,Local Agency,Mobile Dev,2023-08-01,2023-07
user_0081,6878.37,Upwork,Data Analysis,2023-09-17,2023-08
user_0081,4061.54,Direct Client,Data Analysis,2023-09-28,2023-09
user_0081,2670.38,Upwork,Graphic Design,2023-11-13,2023-10
user_0081,2492.91,Freelancer.com,Accounting,2023-12-18,2023-11
user_0081,1192.26,Upwork,Web Development,2023-12-02,2023-11
user_0081,3035.36,Freelancer.com,UI/UX,2024-03-08,2024-02
user_0081,1786.23,Khamsat,Graphic Design,2024-03-07,2024-02
user_0081,630.88,Direct Client,Translation,2024-04-11,2024-03
user_0081,1614.32,Local Agency,Web Development,2024-03-23,2024-03
user_0081,2563.82,Local Agency,Mobile Dev,2024-05-12,2024-04
user_0082,439.4,PeoplePerHour,Graphic Design,2022-06-25,2022-06
user_0082,978.11,Direct Client,Mobile Dev,2022-06-15,2022-06
user_0082,6798.98,Freelancer.com,SEO,2022-06-01,2022-06
user_0082,2614.43,Toptal,Video Editing,2022-07-15,2022-07
user_0082,727.2,Freelancer.com,Video Editing,2022-07-15,2022-07
user_0082,3117.14,PeoplePerHour,Video Editing,2022-08-25,2022-07
user_0082,10377.42,Freelancer.com,Translation,2022-08-20,2022-07
user_0082,129.75,Toptal,Data Analysis,2022-08-04,2022-07
user_0082,7556.7,Local Agency,Graphic Design,2022-09-02,2022-08
user_0082,5029.36,Mostaql,Accounting,2022-10-04,2022-09
user_0082,991.44,Khamsat,Video Editing,2022-10-24,2022-09
user_0082,9109.71,Toptal,Data Analysis,2022-10-31,2022-10
user_0082,5471.17,Khamsat,Graphic Design,2022-11-23,2022-10
user_0082,207.91,PeoplePerHour,Mobile Dev,2022-11-28,2022-11
user_0082,11576.78,Upwork,Accounting,2022-12-14,2022-11
user_0082,79.96,Mostaql,Web Development,2022-12-06,2022-11
user_0082,2887.26,Freelancer.com,Accounting,2023-01-09,2022-12
user_0082,3904.33,Upwork,Accounting,2023-01-15,2022-12
user_0082,3571.36,Freelancer.com,Mobile Dev,2023-02-06,2023-01
user_0082,2716.51,Freelancer.com,UI/UX,2023-01-30,2023-01
user_0082,8207.83,Freelancer.com,Video Editing,2023-03-12,2023-02
user_0082,10265.03,Khamsat,Accounting,2023-03-12,2023-02
user_0082,2231.49,Freelancer.com,SEO,2023-03-19,2023-02
user_0082,16403.4,Toptal,SEO,2023-03-29,2023-03
user_0082,3670.88,Toptal,UI/UX,2023-04-30,2023-04
user_0082,3616.44,Upwork,Mobile Dev,2023-05-02,2023-04
user_0082,388.68,PeoplePerHour,Translation,2023-05-31,2023-05
user_0082,5030.9,Khamsat,Web Development,2023-06-15,2023-05
user_0082,891.85,Freelancer.com,Video Editing,2023-07-05,2023-06
user_0082,1737.02,Toptal,UI/UX,2023-06-26,2023-06
user_0082,5992.2,PeoplePerHour,Graphic Design,2023-07-21,2023-06
user_0082,7786.6,Local Agency,UI/UX,2023-08-07,2023-07
user_0082,181.63,PeoplePerHour,Graphic Design,2023-09-11,2023-08
user_0082,721.24,Khamsat,Accounting,2023-09-16,2023-08
user_0082,6783.42,Toptal,Translation,2023-09-06,2023-08
user_0082,6299.78,PeoplePerHour,Data Analysis,2023-10-06,2023-09
user_0082,887.34,Mostaql,Mobile Dev,2023-09-24,2023-09
user_0082,10893.89,Khamsat,Content Writing,2023-11-16,2023-10
user_0082,3270.07,Toptal,Accounting,2023-12-17,2023-11
user_0082,5822.94,PeoplePerHour,Translation,2023-12-12,2023-11
user_0082,133.42,PeoplePerHour,Translation,2024-01-12,2023-12
user_0082,2779.9,Upwork,Graphic Design,2023-12-23,2023-12
user_0082,5577.66,Khamsat,Video Editing,2024-01-05,2023-12
user_0082,3700.2,Mostaql,Mobile Dev,2024-01-23,2024-01
user_0082,4140.54,Local Agency,UI/UX,2024-02-07,2024-01
user_0082,16881.7,Direct Client,Web Development,2024-02-10,2024-01
user_0082,19702.09,Khamsat,Web Development,2024-02-22,2024-02
user_0082,572.92,Toptal,Content Writing,2024-04-14,2024-03
user_0082,204.07,Mostaql,Content Writing,2024-04-09,2024-03
user_0082,4176.05,PeoplePerHour,Mobile Dev,2024-04-02,2024-03
user_0082,4318.42,PeoplePerHour,Mobile Dev,2024-05-14,2024-04
user_0082,1204.35,Local Agency,Content Writing,2024-04-26,2024-04
user_0082,3666.1,Mostaql,Web Development,2024-05-05,2024-04
user_0083,6674.48,Mostaql,Data Analysis,2022-06-19,2022-06
user_0083,4069.58,Khamsat,Content Writing,2022-06-24,2022-06
user_0083,11806.5,Khamsat,Mobile Dev,2022-07-18,2022-07
user_0083,2497.01,Toptal,Web Development,2022-08-21,2022-07
user_0083,2192.28,Mostaql,SEO,2022-08-12,2022-07
user_0083,13060.35,Mostaql,Accounting,2022-09-02,2022-08
user_0083,3756.98,Local Agency,Data Analysis,2022-10-20,2022-09
user_0083,2043.04,Khamsat,Video Editing,2022-10-10,2022-09
user_0083,5726.83,Freelancer.com,UI/UX,2022-11-04,2022-10
user_0083,5346.17,Toptal,Video Editing,2022-11-11,2022-10
user_0083,2812.26,Freelancer.com,Content Writing,2022-12-07,2022-11
user_0083,1210.51,Toptal,Data Analysis,2022-12-17,2022-11
user_0083,400.55,Local Agency,Translation,2023-01-01,2022-12
user_0083,99.45,PeoplePerHour,Accounting,2022-12-31,2022-12
user_0083,6942.0,Direct Client,SEO,2023-03-01,2023-02
user_0083,523.66,Khamsat,Translation,2023-03-07,2023-02
user_0083,9518.83,Khamsat,Data Analysis,2023-04-13,2023-03
user_0083,7185.18,Upwork,UI/UX,2023-06-18,2023-05
user_0083,7912.8,Local Agency,Content Writing,2023-06-29,2023-06
user_0083,6483.02,Mostaql,UI/UX,2023-07-07,2023-06
user_0083,5742.4,Freelancer.com,UI/UX,2023-08-09,2023-07
user_0083,795.99,Khamsat,Video Editing,2023-07-26,2023-07
user_0083,1692.46,PeoplePerHour,Graphic Design,2023-09-11,2023-08
user_0083,2547.09,Freelancer.com,Translation,2023-08-30,2023-08
user_0083,439.0,Khamsat,Translation,2023-09-03,2023-08
user_0083,875.46,Direct Client,SEO,2023-10-17,2023-09
user_0083,1688.71,Freelancer.com,UI/UX,2023-10-04,2023-09
user_0083,2655.03,Upwork,Content Writing,2023-11-07,2023-10
user_0083,10287.64,Mostaql,Video Editing,2023-12-15,2023-11
user_0083,16195.77,PeoplePerHour,UI/UX,2024-01-29,2024-01
user_0083,1210.16,Local Agency,Accounting,2024-03-11,2024-02
user_0083,2154.92,PeoplePerHour,Graphic Design,2024-03-13,2024-02
user_0083,131.19,Mostaql,Data Analysis,2024-04-04,2024-03
user_0083,1305.61,Mostaql,Data Analysis,2024-04-02,2024-03
user_0083,187.61,PeoplePerHour,Video Editing,2024-03-23,2024-03
user_0083,3774.56,PeoplePerHour,Accounting,2024-05-15,2024-04
user_0084,10704.26,Toptal,UI/UX,2022-06-02,2022-06
user_0084,2899.7,Mostaql,Web Development,2022-07-16,2022-07
user_0084,3192.04,Toptal,Data Analysis,2022-07-03,2022-07
user_0084,2729.94,Freelancer.com,Mobile Dev,2022-08-14,2022-07
user_0084,160.07,Mostaql,Video Editing,2022-08-07,2022-07
user_0084,2191.03,Freelancer.com,Accounting,2022-08-17,2022-07
user_0084,6297.43,Direct Client,Web Development,2022-09-01,2022-08
user_0084,1109.05,Khamsat,Mobile Dev,2022-08-31,2022-08
user_0084,480.43,Toptal,Accounting,2022-10-19,2022-09
user_0084,281.19,PeoplePerHour,Mobile Dev,2022-10-02,2022-09
user_0084,5999.51,Direct Client,Web Development,2022-10-22,2022-09
user_0084,9210.19,Local Agency,SEO,2022-11-15,2022-10
user_0084,5266.98,Toptal,Graphic Design,2022-12-11,2022-11
user_0084,3007.34,Freelancer.com,Accounting,2023-02-18,2023-01
user_0084,513.06,Freelancer.com,SEO,2023-02-07,2023-01
user_0084,1195.39,Toptal,Video Editing,2023-03-16,2023-02
user_0084,2635.31,Toptal,SEO,2023-03-04,2023-02
user_0084,4575.72,Freelancer.com,UI/UX,2023-03-30,2023-03
user_0084,5629.47,Local Agency,Data Analysis,2023-05-04,2023-04
user_0084,2804.74,PeoplePerHour,Graphic Design,2023-06-01,2023-05
user_0084,2314.55,Mostaql,SEO,2023-06-05,2023-05
user_0084,660.31,Freelancer.com,Content Writing,2023-07-15,2023-06
user_0084,3571.51,Freelancer.com,Video Editing,2023-07-05,2023-06
user_0084,2908.13,Mostaql,Graphic Design,2023-07-18,2023-06
user_0084,3352.51,Direct Client,Mobile Dev,2023-08-14,2023-07
user_0084,7150.63,Local Agency,Mobile Dev,2023-08-12,2023-07
user_0084,18730.47,Local Agency,Accounting,2023-10-19,2023-09
user_0084,6835.37,Local Agency,Translation,2023-10-31,2023-10
user_0084,2206.39,Toptal,Data Analysis,2023-11-04,2023-10
user_0084,369.55,Freelancer.com,Web Development,2023-11-13,2023-10
user_0084,5357.65,Local Agency,Content Writing,2023-11-24,2023-11
user_0084,2738.91,Upwork,Mobile Dev,2024-01-15,2023-12
user_0084,683.16,Toptal,Data Analysis,2024-01-07,2023-12
user_0084,3145.65,Khamsat,Graphic Design,2024-01-10,2023-12
user_0084,7229.38,Khamsat,Video Editing,2024-02-09,2024-01
user_0084,4623.87,PeoplePerHour,Data Analysis,2024-03-03,2024-02
user_0084,10728.61,Mostaql,UI/UX,2024-03-26,2024-03
user_0084,12408.18,Direct Client,SEO,2024-04-23,2024-04
user_0085,1474.63,PeoplePerHour,Video Editing,2022-06-01,2022-06
user_0085,2954.01,Local Agency,Web Development,2022-06-22,2022-06
user_0085,7525.14,Toptal,Data Analysis,2022-07-01,2022-07
user_0085,6609.83,Mostaql,Content Writing,2022-08-03,2022-07
user_0085,2957.11,PeoplePerHour,Web Development,2022-09-04,2022-08
user_0085,2165.07,Upwork,Content Writing,2022-09-01,2022-08
user_0085,111.19,Freelancer.com,Mobile Dev,2022-10-22,2022-09
user_0085,388.81,Mostaql,UI/UX,2022-10-17,2022-09
user_0085,2218.53,Khamsat,Content Writing,2022-11-01,2022-10
user_0085,1699.18,Direct Client,Video Editing,2022-11-13,2022-10
user_0085,282.52,Toptal,Graphic Design,2023-01-29,2023-01
user_0085,217.48,Freelancer.com,Accounting,2023-01-28,2023-01
user_0085,2062.41,Freelancer.com,Web Development,2023-03-02,2023-02
user_0085,1570.56,Mostaql,UI/UX,2023-04-18,2023-03
user_0085,1389.68,Khamsat,Mobile Dev,2023-03-30,2023-03
user_0085,229.4,Khamsat,Graphic Design,2023-05-16,2023-04
user_0085,1957.65,Local Agency,Accounting,2023-05-16,2023-04
user_0085,4108.52,Upwork,Graphic Design,2023-06-03,2023-05
user_0085,2946.69,Freelancer.com,Graphic Design,2023-07-20,2023-06
user_0085,3615.25,Khamsat,Mobile Dev,2023-07-07,2023-06
user_0085,168.11,Freelancer.com,SEO,2023-07-19,2023-06
user_0085,3059.76,Freelancer.com,Web Development,2023-08-04,2023-07
user_0085,1584.11,Mostaql,Web Development,2023-09-11,2023-08
user_0085,3607.09,Khamsat,Video Editing,2023-09-07,2023-08
user_0085,4877.84,Upwork,Accounting,2023-10-14,2023-09
user_0085,548.96,Direct Client,Content Writing,2023-10-11,2023-09
user_0085,989.6,Direct Client,Accounting,2023-10-28,2023-10
user_0085,1412.63,Mostaql,Video Editing,2023-11-07,2023-10
user_0085,3673.31,PeoplePerHour,SEO,2023-12-16,2023-11
user_0085,5218.63,Freelancer.com,SEO,2024-01-14,2023-12
user_0085,2755.05,Local Agency,Accounting,2024-01-26,2024-01
user_0085,1538.6,Khamsat,Web Development,2024-01-31,2024-01
user_0085,122.42,Direct Client,Web Development,2024-01-25,2024-01
user_0085,3094.64,Direct Client,Mobile Dev,2024-03-17,2024-02
user_0085,227.4,Local Agency,Web Development,2024-04-09,2024-03
user_0085,1339.64,Direct Client,Web Development,2024-04-05,2024-03
user_0085,529.97,Toptal,Graphic Design,2024-05-06,2024-04
user_0085,1013.0,Mostaql,Web Development,2024-05-09,2024-04
user_0086,8668.53,Khamsat,Translation,2022-06-14,2022-06
user_0086,1162.32,Upwork,Mobile Dev,2022-07-14,2022-07
user_0086,3682.12,Upwork,Mobile Dev,2022-07-11,2022-07
user_0086,2557.75,Mostaql,UI/UX,2022-08-12,2022-07
user_0086,52.83,Khamsat,Content Writing,2022-08-30,2022-08
user_0086,2525.93,PeoplePerHour,Graphic Design,2022-09-08,2022-08
user_0086,3089.67,Direct Client,Accounting,2022-10-16,2022-09
user_0086,3128.9,Freelancer.com,Graphic Design,2022-10-04,2022-09
user_0086,196.76,PeoplePerHour,UI/UX,2022-11-13,2022-10
user_0086,5028.16,Direct Client,Mobile Dev,2022-11-12,2022-10
user_0086,168.73,Toptal,Translation,2022-12-10,2022-11
user_0086,1290.16,Toptal,UI/UX,2022-12-11,2022-11
user_0086,4967.95,Direct Client,Web Development,2022-12-02,2022-11
user_0086,5806.34,Direct Client,UI/UX,2022-12-28,2022-12
user_0086,1269.45,Khamsat,Mobile Dev,2023-02-09,2023-01
user_0086,1267.32,PeoplePerHour,Translation,2023-03-03,2023-02
user_0086,875.05,Khamsat,Data Analysis,2023-02-26,2023-02
user_0086,463.42,Mostaql,UI/UX,2023-04-05,2023-03
user_0086,526.99,PeoplePerHour,UI/UX,2023-04-04,2023-03
user_0086,2765.63,Upwork,Accounting,2023-04-30,2023-04
user_0086,500.0,Khamsat,Translation,2023-06-20,2023-05
user_0086,119.17,Direct Client,Web Development,2023-07-19,2023-06
user_0086,6270.84,Toptal,Web Development,2023-06-29,2023-06
user_0086,9572.43,Direct Client,Accounting,2023-08-17,2023-07
user_0086,256.93,Toptal,Translation,2023-09-05,2023-08
user_0086,243.07,Toptal,Web Development,2023-09-18,2023-08
user_0086,1743.35,Local Agency,Web Development,2023-09-29,2023-09
user_0086,615.04,Direct Client,Accounting,2023-10-12,2023-09
user_0086,6125.32,Khamsat,Mobile Dev,2023-11-16,2023-10
user_0086,1785.21,Upwork,Video Editing,2023-12-13,2023-11
user_0086,1940.25,Toptal,Mobile Dev,2023-11-29,2023-11
user_0086,904.62,Toptal,Translation,2024-01-14,2023-12
user_0086,933.16,Upwork,Data Analysis,2024-01-08,2023-12
user_0086,1998.8,Upwork,Video Editing,2024-02-11,2024-01
user_0086,325.72,Khamsat,Data Analysis,2024-02-11,2024-01
user_0086,634.96,Mostaql,Accounting,2024-02-02,2024-01
user_0086,462.61,Freelancer.com,Data Analysis,2024-03-10,2024-02
user_0086,531.34,Upwork,UI/UX,2024-03-09,2024-02
user_0086,70.62,Khamsat,Video Editing,2024-03-06,2024-02
user_0086,21.25,Freelancer.com,Web Development,2024-03-28,2024-03
user_0086,478.75,Local Agency,SEO,2024-04-02,2024-03
user_0086,1852.01,Toptal,Graphic Design,2024-04-29,2024-04
user_0086,1538.93,Khamsat,Graphic Design,2024-05-08,2024-04
user_0087,500.0,PeoplePerHour,Mobile Dev,2022-06-04,2022-06
user_0087,2425.02,Khamsat,Web Development,2022-07-16,2022-07
user_0087,5596.87,Local Agency,Video Editing,2022-08-18,2022-07
user_0087,4043.84,PeoplePerHour,Data Analysis,2022-09-02,2022-08
user_0087,3948.92,Freelancer.com,SEO,2022-09-09,2022-08
user_0087,4766.27,Mostaql,UI/UX,2022-10-17,2022-09
user_0087,45.86,Direct Client,SEO,2022-10-16,2022-09
user_0087,52.37,Local Agency,Data Analysis,2022-10-30,2022-10
user_0087,886.36,Toptal,UI/UX,2022-11-01,2022-10
user_0087,1784.32,Mostaql,UI/UX,2022-11-23,2022-10
user_0087,690.05,PeoplePerHour,Translation,2022-12-21,2022-11
user_0087,243.78,Local Agency,Content Writing,2022-12-01,2022-11
user_0087,20.51,Direct Client,Web Development,2022-12-18,2022-11
user_0087,208.9,Toptal,Graphic Design,2023-01-12,2022-12
user_0087,154.45,PeoplePerHour,UI/UX,2023-01-09,2022-12
user_0087,136.65,Freelancer.com,Mobile Dev,2023-01-05,2022-12
user_0087,10672.82,Mostaql,Web Development,2023-02-01,2023-01
user_0087,4858.24,Toptal,Translation,2023-03-18,2023-02
user_0087,4330.94,Freelancer.com,Accounting,2023-04-21,2023-03
user_0087,3167.73,Mostaql,UI/UX,2023-04-27,2023-04
user_0087,651.17,Mostaql,Accounting,2023-05-19,2023-04
user_0087,4229.2,Mostaql,SEO,2023-05-27,2023-05
user_0087,3378.69,Mostaql,UI/UX,2023-06-05,2023-05
user_0087,7274.35,Freelancer.com,Translation,2023-10-14,2023-09
user_0087,2254.32,PeoplePerHour,Translation,2023-10-29,2023-10
user_0087,831.11,Direct Client,SEO,2023-11-09,2023-10
user_0087,5164.44,Upwork,Video Editing,2023-11-30,2023-11
user_0087,3073.59,Upwork,Web Development,2024-01-05,2023-12
user_0087,1054.69,Upwork,Translation,2024-03-29,2024-03
user_0087,163.81,Upwork,Graphic Design,2024-03-28,2024-03
user_0087,227.25,Mostaql,Content Writing,2024-04-11,2024-03
user_0088,3263.71,PeoplePerHour,Data Analysis,2022-06-12,2022-06
user_0088,2136.97,Freelancer.com,Content Writing,2022-06-16,2022-06
user_0088,4513.44,Upwork,UI/UX,2022-08-17,2022-07
user_0088,6477.75,Local Agency,Translation,2022-10-18,2022-09
user_0088,4102.92,Direct Client,Accounting,2022-11-02,2022-10
user_0088,899.3,PeoplePerHour,UI/UX,2022-12-29,2022-12
user_0088,704.16,Khamsat,Graphic Design,2023-01-13,2022-12
user_0088,1149.09,Mostaql,Data Analysis,2023-02-12,2023-01
user_0088,302.67,Khamsat,Graphic Design,2023-02-09,2023-01
user_0088,1463.24,Upwork,Web Development,2023-04-11,2023-03
user_0088,248.69,Khamsat,Translation,2023-05-14,2023-04
user_0088,251.31,Freelancer.com,Web Development,2023-05-04,2023-04
user_0088,5410.72,Local Agency,Content Writing,2023-05-27,2023-05
user_0088,500.0,Toptal,Mobile Dev,2023-07-28,2023-07
user_0088,5793.74,PeoplePerHour,Accounting,2023-09-13,2023-08
user_0088,2852.53,Upwork,Graphic Design,2023-12-15,2023-11
user_0088,2791.75,Direct Client,Video Editing,2024-01-13,2023-12
user_0088,3536.75,Local Agency,Web Development,2024-02-06,2024-01
user_0088,500.0,Local Agency,Accounting,2024-04-07,2024-03
user_0088,1600.52,Mostaql,Accounting,2024-05-09,2024-04
user_0089,3386.66,Upwork,Graphic Design,2022-06-01,2022-06
user_0089,3102.22,Freelancer.com,Video Editing,2022-06-05,2022-06
user_0089,2737.73,Upwork,Accounting,2022-07-10,2022-07
user_0089,583.08,PeoplePerHour,Video Editing,2022-07-20,2022-07
user_0089,7501.85,Local Agency,Graphic Design,2022-08-05,2022-07
user_0089,1925.33,PeoplePerHour,Data Analysis,2022-09-18,2022-08
user_0089,6813.79,Toptal,Data Analysis,2022-10-13,2022-09
user_0089,450.06,Upwork,SEO,2022-11-23,2022-10
user_0089,6877.5,Freelancer.com,SEO,2022-11-08,2022-10
user_0089,3869.63,Local Agency,Mobile Dev,2022-12-06,2022-11
user_0089,4800.14,Khamsat,Graphic Design,2022-12-30,2022-12
user_0089,179.33,Mostaql,Mobile Dev,2023-01-08,2022-12
user_0089,2331.3,Local Agency,Web Development,2023-02-12,2023-01
user_0089,2528.54,Upwork,Web Development,2023-02-20,2023-01
user_0089,1884.53,Toptal,Accounting,2023-02-27,2023-02
user_0089,453.39,PeoplePerHour,Translation,2023-03-04,2023-02
user_0089,2601.81,Direct Client,Mobile Dev,2023-03-10,2023-02
user_0089,2937.47,Khamsat,Mobile Dev,2023-04-07,2023-03
user_0089,2232.63,Mostaql,Web Development,2023-05-09,2023-04
user_0089,1211.57,Upwork,Translation,2023-06-16,2023-05
user_0089,8818.66,Upwork,Mobile Dev,2023-08-12,2023-07
user_0089,5353.7,Upwork,Data Analysis,2023-10-08,2023-09
user_0089,5385.49,PeoplePerHour,Accounting,2023-11-03,2023-10
user_0089,1937.12,Direct Client,Data Analysis,2023-12-01,2023-11
user_0089,2466.09,Freelancer.com,SEO,2023-12-01,2023-11
user_0089,370.13,Mostaql,SEO,2024-02-10,2024-01
user_0089,1582.29,Mostaql,Content Writing,2024-02-11,2024-01
user_0089,2125.35,Freelancer.com,Accounting,2024-03-01,2024-02
user_0089,131.75,Upwork,SEO,2024-03-23,2024-03
user_0089,1444.5,Upwork,Mobile Dev,2024-04-03,2024-03
user_0089,223.5,Direct Client,Data Analysis,2024-04-04,2024-03
user_0090,6444.71,Local Agency,UI/UX,2022-06-04,2022-06
user_0090,9806.96,Local Agency,Accounting,2022-07-05,2022-07
user_0090,1471.6,Upwork,Web Development,2022-07-26,2022-07
user_0090,8822.81,Khamsat,Content Writing,2022-08-12,2022-07
user_0090,10051.44,Local Agency,SEO,2022-09-20,2022-08
user_0090,2016.91,Local Agency,Mobile Dev,2022-10-22,2022-09
user_0090,6242.81,Freelancer.com,Graphic Design,2022-10-02,2022-09
user_0090,5953.51,PeoplePerHour,UI/UX,2022-11-03,2022-10
user_0090,1681.39,Local Agency,Data Analysis,2022-11-10,2022-10
user_0090,4027.1,Direct Client,Graphic Design,2022-12-07,2022-11
user_0090,3541.28,Mostaql,UI/UX,2022-12-04,2022-11
user_0090,189.91,PeoplePerHour,SEO,2022-12-01,2022-11
user_0090,8279.39,Mostaql,Accounting,2023-01-04,2022-12
user_0090,5229.2,Khamsat,SEO,2023-01-27,2023-01
user_0090,1468.5,Local Agency,Data Analysis,2023-02-17,2023-01
user_0090,285.93,Local Agency,Content Writing,2023-01-28,2023-01
user_0090,508.62,Freelancer.com,UI/UX,2023-02-27,2023-02
user_0090,4837.04,Local Agency,Graphic Design,2023-03-13,2023-02
user_0090,1206.19,Local Agency,Accounting,2023-03-23,2023-02
user_0090,5730.45,PeoplePerHour,Content Writing,2023-03-30,2023-03
user_0090,7552.39,Mostaql,Translation,2023-05-20,2023-04
user_0090,1194.98,Toptal,Graphic Design,2023-06-20,2023-05
user_0090,2629.37,Mostaql,Web Development,2023-06-03,2023-05
user_0090,17821.15,Upwork,SEO,2023-06-05,2023-05
user_0090,7176.45,Toptal,Content Writing,2023-07-02,2023-06
user_0090,1865.33,Freelancer.com,Accounting,2023-07-16,2023-06
user_0090,4598.11,Freelancer.com,Graphic Design,2023-07-28,2023-07
user_0090,4908.72,Upwork,Translation,2023-08-01,2023-07
user_0090,11789.67,Toptal,Translation,2023-09-18,2023-08
user_0090,1676.38,Local Agency,UI/UX,2023-10-07,2023-09
user_0090,10258.97,Toptal,Content Writing,2023-09-26,2023-09
user_0090,896.44,Toptal,UI/UX,2023-10-26,2023-10
user_0090,6535.36,Toptal,Video Editing,2023-10-29,2023-10
user_0090,4232.59,Mostaql,Translation,2023-11-26,2023-11
user_0090,11906.96,Mostaql,Graphic Design,2023-11-25,2023-11
user_0090,6769.82,PeoplePerHour,Graphic Design,2023-12-18,2023-11
user_0090,4935.44,Toptal,Content Writing,2023-12-23,2023-12
user_0090,1199.92,Direct Client,Graphic Design,2024-01-06,2023-12
user_0090,2102.03,Toptal,Translation,2024-01-17,2023-12
user_0090,3842.87,Khamsat,Content Writing,2024-01-26,2024-01
user_0090,2422.11,Local Agency,UI/UX,2024-02-04,2024-01
user_0090,183.99,PeoplePerHour,Data Analysis,2024-02-21,2024-02
user_0090,22630.22,PeoplePerHour,Graphic Design,2024-03-09,2024-02
user_0090,7010.87,Local Agency,Mobile Dev,2024-04-03,2024-03
user_0090,7595.29,Local Agency,Translation,2024-05-12,2024-04
user_0091,637.56,PeoplePerHour,Accounting,2022-06-07,2022-06
user_0091,378.61,Freelancer.com,Content Writing,2022-06-10,2022-06
user_0091,6749.8,Toptal,Translation,2022-07-12,2022-07
user_0091,10878.03,Upwork,Accounting,2022-08-15,2022-07
user_0091,606.18,Khamsat,Content Writing,2022-08-12,2022-07
user_0091,1412.8,PeoplePerHour,SEO,2022-08-04,2022-07
user_0091,5270.5,Direct Client,Graphic Design,2022-08-30,2022-08
user_0091,48.38,Khamsat,Content Writing,2022-10-08,2022-09
user_0091,3548.05,Direct Client,UI/UX,2022-10-22,2022-09
user_0091,8176.91,Khamsat,Video Editing,2022-10-01,2022-09
user_0091,429.49,PeoplePerHour,Data Analysis,2022-11-01,2022-10
user_0091,967.94,Khamsat,Content Writing,2022-11-11,2022-10
user_0091,8896.79,Local Agency,Graphic Design,2022-12-02,2022-11
user_0091,13058.89,Freelancer.com,Graphic Design,2023-01-05,2022-12
user_0091,7790.38,Local Agency,UI/UX,2023-02-17,2023-01
user_0091,321.29,PeoplePerHour,Mobile Dev,2023-03-07,2023-02
user_0091,178.71,Freelancer.com,Content Writing,2023-03-14,2023-02
user_0091,2723.21,Toptal,Web Development,2023-04-10,2023-03
user_0091,3066.26,Upwork,Web Development,2023-04-05,2023-03
user_0091,1046.83,Direct Client,SEO,2023-04-20,2023-03
user_0091,9111.06,Freelancer.com,Video Editing,2023-05-01,2023-04
user_0091,500.0,Local Agency,Data Analysis,2023-06-21,2023-05
user_0091,1292.18,Freelancer.com,Content Writing,2023-07-03,2023-06
user_0091,6586.6,Mostaql,Mobile Dev,2023-08-13,2023-07
user_0091,13206.09,PeoplePerHour,Web Development,2023-09-14,2023-08
user_0091,10146.29,Direct Client,Data Analysis,2023-09-01,2023-08
user_0091,617.64,PeoplePerHour,Content Writing,2023-10-12,2023-09
user_0091,5392.73,Direct Client,Content Writing,2023-10-16,2023-09
user_0091,894.49,Direct Client,Translation,2023-10-04,2023-09
user_0091,1642.51,Toptal,Translation,2023-11-13,2023-10
user_0091,12627.58,Khamsat,Video Editing,2023-12-26,2023-12
user_0091,2234.59,Toptal,Content Writing,2024-01-01,2023-12
user_0091,7817.71,PeoplePerHour,Video Editing,2024-02-02,2024-01
user_0091,1819.65,Upwork,Mobile Dev,2024-02-24,2024-02
user_0091,4624.68,Local Agency,Translation,2024-02-29,2024-02
user_0091,1417.98,PeoplePerHour,UI/UX,2024-04-09,2024-03
user_0091,1023.67,Direct Client,Accounting,2024-04-01,2024-03
user_0091,8993.67,Freelancer.com,Mobile Dev,2024-05-16,2024-04
user_0092,7813.38,Khamsat,Mobile Dev,2022-06-07,2022-06
user_0092,7415.75,Mostaql,Data Analysis,2022-07-10,2022-07
user_0092,9453.35,Direct Client,UI/UX,2022-09-23,2022-08
user_0092,731.51,Direct Client,Mobile Dev,2022-10-13,2022-09
user_0092,21302.04,Mostaql,Data Analysis,2022-10-21,2022-09
user_0092,19666.79,Toptal,Translation,2022-11-16,2022-10
user_0092,6462.96,Toptal,Accounting,2022-12-01,2022-11
user_0092,5095.41,PeoplePerHour,UI/UX,2023-01-14,2022-12
user_0092,3801.99,Upwork,Translation,2023-01-05,2022-12
user_0092,8702.92,Upwork,UI/UX,2023-02-14,2023-01
user_0092,7676.97,Toptal,Translation,2023-03-10,2023-02
user_0092,8054.17,Freelancer.com,Video Editing,2023-03-29,2023-03
user_0092,1663.15,Khamsat,Content Writing,2023-04-19,2023-03
user_0092,3146.1,Upwork,Accounting,2023-05-12,2023-04
user_0092,3804.66,PeoplePerHour,Video Editing,2023-05-20,2023-04
user_0092,60.28,Upwork,Web Development,2023-06-01,2023-05
user_0092,6424.31,PeoplePerHour,Mobile Dev,2023-06-19,2023-05
user_0092,7629.53,Upwork,UI/UX,2023-07-20,2023-06
user_0092,946.11,Toptal,Data Analysis,2023-07-14,2023-06
user_0092,5348.01,Mostaql,Web Development,2023-08-02,2023-07
user_0092,5868.17,Local Agency,Translation,2023-07-29,2023-07
user_0092,10790.35,Khamsat,Data Analysis,2023-09-19,2023-08
user_0092,9163.25,Upwork,Accounting,2023-10-14,2023-09
user_0092,4314.3,Local Agency,Mobile Dev,2023-11-18,2023-10
user_0092,5371.19,Toptal,Content Writing,2023-11-05,2023-10
user_0092,1474.12,Mostaql,Translation,2023-12-17,2023-11
user_0092,8475.29,Khamsat,Data Analysis,2023-11-27,2023-11
user_0092,4428.4,Local Agency,Data Analysis,2024-01-05,2023-12
user_0092,12544.31,Upwork,Translation,2024-01-03,2023-12
user_0092,5614.8,Toptal,Content Writing,2023-12-25,2023-12
user_0092,522.02,Toptal,Video Editing,2024-01-26,2024-01
user_0092,3806.29,PeoplePerHour,Video Editing,2024-02-12,2024-01
user_0092,4417.58,Local Agency,Video Editing,2024-02-13,2024-01
user_0092,879.79,Freelancer.com,Content Writing,2024-02-24,2024-02
user_0092,7841.69,Upwork,Video Editing,2024-02-21,2024-02
user_0092,11693.33,Upwork,Data Analysis,2024-03-29,2024-03
user_0092,10376.38,Direct Client,UI/UX,2024-05-11,2024-04
user_0093,7318.65,Khamsat,Mobile Dev,2022-06-24,2022-06
user_0093,11545.25,Freelancer.com,Translation,2022-06-13,2022-06
user_0093,89.24,Khamsat,Content Writing,2022-06-24,2022-06
user_0093,7107.2,Toptal,Accounting,2022-07-21,2022-07
user_0093,6805.56,Freelancer.com,Translation,2022-08-01,2022-07
user_0093,500.0,PeoplePerHour,Mobile Dev,2022-09-13,2022-08
user_0093,6623.79,Mostaql,Mobile Dev,2022-09-30,2022-09
user_0093,1613.6,Toptal,Content Writing,2022-10-06,2022-09
user_0093,10420.64,Toptal,Data Analysis,2022-10-16,2022-09
user_0093,18335.31,Upwork,Mobile Dev,2022-11-13,2022-10
user_0093,365.53,Direct Client,SEO,2022-11-30,2022-11
user_0093,7008.26,Khamsat,Accounting,2022-12-18,2022-11
user_0093,9062.13,Local Agency,Content Writing,2023-02-09,2023-01
user_0093,893.1,Upwork,Graphic Design,2023-02-28,2023-02
user_0093,4980.31,PeoplePerHour,Video Editing,2023-03-15,2023-02
user_0093,2686.36,Khamsat,UI/UX,2023-04-05,2023-03
user_0093,3790.84,Local Agency,Graphic Design,2023-05-19,2023-04
user_0093,8746.7,Khamsat,Translation,2023-05-12,2023-04
user_0093,8049.09,Local Agency,Accounting,2023-06-20,2023-05
user_0093,23002.24,Direct Client,SEO,2023-07-11,2023-06
user_0093,23320.56,Upwork,Translation,2023-07-30,2023-07
user_0093,979.9,Direct Client,Graphic Design,2023-09-13,2023-08
user_0093,9038.83,PeoplePerHour,UI/UX,2023-09-11,2023-08
user_0093,16770.35,Toptal,Content Writing,2023-10-10,2023-09
user_0093,630.15,Khamsat,UI/UX,2023-10-30,2023-10
user_0093,107.83,Khamsat,Content Writing,2023-11-08,2023-10
user_0093,412.99,Khamsat,Mobile Dev,2023-10-28,2023-10
user_0093,2068.62,Khamsat,Content Writing,2023-11-29,2023-11
user_0093,9625.14,Mostaql,SEO,2023-12-05,2023-11
user_0093,7044.71,Direct Client,Web Development,2024-01-09,2023-12
user_0093,7367.29,PeoplePerHour,UI/UX,2024-01-31,2024-01
user_0093,2316.29,Toptal,Web Development,2024-02-10,2024-01
user_0093,1336.46,Toptal,Translation,2024-03-27,2024-03
user_0093,8431.96,Toptal,SEO,2024-04-01,2024-03
user_0093,3535.31,Khamsat,Video Editing,2024-04-27,2024-04
user_0093,5771.5,Local Agency,Graphic Design,2024-05-13,2024-04
user_0094,4410.15,Toptal,Data Analysis,2022-07-06,2022-07
user_0094,2881.02,Mostaql,Translation,2022-07-14,2022-07
user_0094,6677.99,Upwork,Video Editing,2022-08-04,2022-07
user_0094,77.76,Khamsat,Graphic Design,2022-09-09,2022-08
user_0094,216.45,Local Agency,Content Writing,2022-09-10,2022-08
user_0094,205.78,Local Agency,Data Analysis,2022-09-06,2022-08
user_0094,1745.8,PeoplePerHour,UI/UX,2022-10-03,2022-09
user_0094,1369.77,Freelancer.com,Accounting,2022-10-17,2022-09
user_0094,2287.81,PeoplePerHour,Accounting,2022-10-17,2022-09
user_0094,3789.4,Freelancer.com,Accounting,2022-11-08,2022-10
user_0094,4495.27,Direct Client,Graphic Design,2022-12-10,2022-11
user_0094,2742.02,Toptal,Web Development,2022-12-23,2022-11
user_0094,4873.78,Khamsat,UI/UX,2023-01-14,2022-12
user_0094,595.01,Local Agency,UI/UX,2023-01-15,2022-12
user_0094,4961.01,Mostaql,SEO,2023-02-11,2023-01
user_0094,2016.19,Mostaql,UI/UX,2023-03-14,2023-02
user_0094,6028.63,Direct Client,Web Development,2023-05-06,2023-04
user_0094,11899.11,Mostaql,Accounting,2023-05-27,2023-05
user_0094,1806.71,Mostaql,SEO,2023-07-05,2023-06
user_0094,10260.26,Upwork,UI/UX,2023-07-14,2023-06
user_0094,6248.33,Toptal,Translation,2023-08-03,2023-07
user_0094,2154.82,PeoplePerHour,Web Development,2023-09-15,2023-08
user_0094,5017.31,Toptal,Graphic Design,2023-09-18,2023-08
user_0094,812.06,Freelancer.com,Mobile Dev,2023-09-06,2023-08
user_0094,12293.84,Freelancer.com,SEO,2023-10-10,2023-09
user_0094,2873.48,Local Agency,Data Analysis,2023-11-12,2023-10
user_0094,794.61,Mostaql,Content Writing,2023-11-17,2023-10
user_0094,4693.04,Direct Client,UI/UX,2023-10-31,2023-10
user_0094,9414.69,Toptal,Graphic Design,2023-12-02,2023-11
user_0094,6081.31,Khamsat,Accounting,2024-01-02,2023-12
user_0094,1823.18,PeoplePerHour,Translation,2024-01-15,2023-12
user_0094,2281.61,Upwork,Data Analysis,2024-02-05,2024-01
user_0094,5821.56,Khamsat,Data Analysis,2024-02-10,2024-01
user_0094,23579.98,Khamsat,Video Editing,2024-02-24,2024-02
user_0094,6456.39,Direct Client,Graphic Design,2024-04-08,2024-03
user_0094,1979.09,Mostaql,Graphic Design,2024-03-29,2024-03
user_0094,1994.14,Local Agency,Web Development,2024-05-16,2024-04
user_0094,7688.35,Freelancer.com,Video Editing,2024-04-30,2024-04
user_0095,1660.89,Local Agency,Graphic Design,2022-06-08,2022-06
user_0095,3750.4,Khamsat,Video Editing,2022-06-02,2022-06
user_0095,1490.06,Upwork,Web Development,2022-07-13,2022-07
user_0095,4650.41,Local Agency,Video Editing,2022-08-24,2022-07
user_0095,7977.57,Local Agency,UI/UX,2022-09-01,2022-08
user_0095,2263.62,Freelancer.com,UI/UX,2022-11-14,2022-10
user_0095,452.92,Toptal,Mobile Dev,2022-11-30,2022-11
user_0095,47.08,Toptal,UI/UX,2022-12-20,2022-11
user_0095,1371.32,Direct Client,Mobile Dev,2023-01-10,2022-12
user_0095,2187.99,Freelancer.com,UI/UX,2023-01-10,2022-12
user_0095,848.99,Freelancer.com,Mobile Dev,2023-01-15,2022-12
user_0095,363.97,Toptal,Video Editing,2023-02-19,2023-01
user_0095,93.03,Mostaql,Translation,2023-02-10,2023-01
user_0095,1692.14,Local Agency,UI/UX,2023-01-31,2023-01
user_0095,1224.72,Khamsat,Translation,2023-03-31,2023-03
user_0095,1602.21,Upwork,Content Writing,2023-05-13,2023-04
user_0095,2352.38,Local Agency,Web Development,2023-05-09,2023-04
user_0095,3742.59,Toptal,Translation,2023-06-13,2023-05
user_0095,2416.3,Khamsat,Graphic Design,2023-07-20,2023-06
user_0095,3040.57,Freelancer.com,Data Analysis,2023-07-12,2023-06
user_0095,444.7,Freelancer.com,Content Writing,2023-08-16,2023-07
user_0095,5498.82,Direct Client,SEO,2023-08-13,2023-07
user_0095,511.35,Mostaql,Content Writing,2023-08-01,2023-07
user_0095,3772.91,Local Agency,Accounting,2023-09-13,2023-08
user_0095,3014.48,Upwork,Graphic Design,2023-09-19,2023-08
user_0095,1535.92,Toptal,Translation,2023-09-25,2023-09
user_0095,271.39,Local Agency,Video Editing,2023-11-05,2023-10
user_0095,2235.59,Toptal,Video Editing,2023-10-26,2023-10
user_0095,29.85,Local Agency,SEO,2023-10-30,2023-10
user_0095,2324.67,Mostaql,Translation,2023-12-12,2023-11
user_0095,3232.0,Direct Client,Accounting,2023-12-30,2023-12
user_0095,3753.94,Direct Client,Web Development,2024-02-01,2024-01
user_0095,4414.31,Direct Client,Mobile Dev,2024-02-08,2024-01
user_0095,1213.08,Freelancer.com,Data Analysis,2024-02-22,2024-02
user_0095,2844.23,Local Agency,Graphic Design,2024-03-05,2024-02
user_0095,745.28,Freelancer.com,Graphic Design,2024-03-03,2024-02
user_0095,462.4,Mostaql,Translation,2024-04-08,2024-03
user_0095,499.33,Direct Client,Content Writing,2024-03-23,2024-03
user_0095,2702.19,Freelancer.com,Mobile Dev,2024-05-10,2024-04
user_0095,2327.03,Upwork,Data Analysis,2024-05-03,2024-04
user_0096,3495.23,Upwork,SEO,2022-06-14,2022-06
user_0096,16367.71,Freelancer.com,Translation,2022-07-24,2022-07
user_0096,3599.01,Freelancer.com,UI/UX,2022-08-04,2022-07
user_0096,1496.68,Toptal,Translation,2022-08-13,2022-07
user_0096,634.69,Local Agency,Video Editing,2022-09-12,2022-08
user_0096,19781.57,Local Agency,SEO,2022-09-12,2022-08
user_0096,4894.91,Toptal,Mobile Dev,2022-10-16,2022-09
user_0096,500.17,Local Agency,UI/UX,2022-10-13,2022-09
user_0096,4361.43,Freelancer.com,UI/UX,2022-11-01,2022-10
user_0096,5891.69,Freelancer.com,UI/UX,2022-12-20,2022-11
user_0096,12779.59,Local Agency,Data Analysis,2023-01-17,2022-12
user_0096,4896.77,Local Agency,Mobile Dev,2023-02-20,2023-01
user_0096,4851.51,Toptal,Graphic Design,2023-03-05,2023-02
user_0096,1704.25,Direct Client,SEO,2023-03-08,2023-02
user_0096,7449.81,Mostaql,UI/UX,2023-03-29,2023-03
user_0096,8656.49,PeoplePerHour,Accounting,2023-05-06,2023-04
user_0096,8135.69,Direct Client,Content Writing,2023-06-16,2023-05
user_0096,4980.69,Mostaql,Mobile Dev,2023-07-19,2023-06
user_0096,1772.24,Freelancer.com,Data Analysis,2023-07-17,2023-06
user_0096,14797.06,Mostaql,Video Editing,2023-08-11,2023-07
user_0096,4932.37,PeoplePerHour,Graphic Design,2023-08-03,2023-07
user_0096,1630.68,PeoplePerHour,Web Development,2023-08-29,2023-08
user_0096,4047.24,Toptal,Accounting,2023-08-26,2023-08
user_0096,2035.89,Freelancer.com,Web Development,2023-10-05,2023-09
user_0096,3902.0,Khamsat,Graphic Design,2023-09-30,2023-09
user_0096,4343.27,Khamsat,Accounting,2023-10-05,2023-09
user_0096,11203.31,Direct Client,Data Analysis,2023-11-10,2023-10
user_0096,8995.83,Local Agency,Web Development,2023-11-27,2023-11
user_0096,3977.56,Freelancer.com,Data Analysis,2024-01-12,2023-12
user_0096,2624.41,Local Agency,SEO,2024-01-11,2023-12
user_0096,5804.1,Local Agency,Web Development,2024-01-25,2024-01
user_0096,410.56,Mostaql,Data Analysis,2024-01-29,2024-01
user_0096,2840.9,Mostaql,Mobile Dev,2024-01-27,2024-01
user_0096,2214.99,Mostaql,Graphic Design,2024-03-06,2024-02
user_0096,4771.08,Freelancer.com,Translation,2024-03-13,2024-02
user_0096,211.45,Upwork,Video Editing,2024-02-22,2024-02
user_0096,5056.13,Upwork,Graphic Design,2024-03-22,2024-03
user_0096,5697.73,Local Agency,Graphic Design,2024-03-27,2024-03
user_0096,4247.89,Khamsat,Web Development,2024-05-08,2024-04
user_0096,569.61,Local Agency,Web Development,2024-04-26,2024-04
user_0097,4004.01,PeoplePerHour,Graphic Design,2022-07-09,2022-07
user_0097,102.92,Toptal,Graphic Design,2022-07-13,2022-07
user_0097,2920.38,Khamsat,Accounting,2022-08-21,2022-07
user_0097,8223.57,PeoplePerHour,Mobile Dev,2022-08-15,2022-07
user_0097,5831.21,Local Agency,Data Analysis,2022-10-19,2022-09
user_0097,1719.71,Freelancer.com,SEO,2022-11-01,2022-10
user_0097,1927.91,Khamsat,Video Editing,2022-11-09,2022-10
user_0097,730.06,Upwork,Accounting,2022-12-02,2022-11
user_0097,4146.9,PeoplePerHour,UI/UX,2023-01-12,2022-12
user_0097,484.53,Toptal,Web Development,2023-01-17,2022-12
user_0097,1598.02,Direct Client,Mobile Dev,2023-02-15,2023-01
user_0097,1391.2,Direct Client,Web Development,2023-02-16,2023-01
user_0097,5217.66,Upwork,Video Editing,2023-04-01,2023-03
user_0097,746.31,Mostaql,UI/UX,2023-05-07,2023-04
user_0097,4483.01,Direct Client,Data Analysis,2023-04-30,2023-04
user_0097,3133.72,PeoplePerHour,Content Writing,2023-06-10,2023-05
user_0097,802.17,Mostaql,SEO,2023-06-03,2023-05
user_0097,5250.69,Freelancer.com,Graphic Design,2023-06-30,2023-06
user_0097,2074.99,Upwork,Content Writing,2023-08-20,2023-07
user_0097,2182.59,PeoplePerHour,Graphic Design,2023-08-06,2023-07
user_0097,2526.19,Toptal,Content Writing,2023-09-12,2023-08
user_0097,731.3,Khamsat,Content Writing,2023-09-13,2023-08
user_0097,4020.67,Local Agency,Translation,2023-10-14,2023-09
user_0097,1300.71,PeoplePerHour,Content Writing,2024-01-03,2023-12
user_0097,156.53,Toptal,Accounting,2024-01-25,2024-01
user_0097,190.17,PeoplePerHour,Translation,2024-01-25,2024-01
user_0097,153.3,Khamsat,Graphic Design,2024-02-02,2024-01
user_0097,3265.95,Upwork,SEO,2024-02-29,2024-02
user_0097,500.0,Mostaql,Accounting,2024-04-14,2024-03
user_0098,17400.46,Mostaql,Video Editing,2022-06-09,2022-06
user_0098,6580.49,Direct Client,Mobile Dev,2022-07-19,2022-07
user_0098,6929.05,Toptal,UI/UX,2022-08-14,2022-07
user_0098,7352.37,Khamsat,Web Development,2022-09-07,2022-08
user_0098,209.56,Khamsat,Translation,2022-09-15,2022-08
user_0098,16649.07,Upwork,Accounting,2022-10-15,2022-09
user_0098,11584.22,Khamsat,Web Development,2022-10-31,2022-10
user_0098,5681.04,Toptal,Data Analysis,2022-12-23,2022-11
user_0098,489.35,Local Agency,Accounting,2022-11-29,2022-11
user_0098,7133.54,PeoplePerHour,Translation,2022-12-31,2022-12
user_0098,19055.44,Toptal,Data Analysis,2023-01-30,2023-01
user_0098,1586.71,Freelancer.com,UI/UX,2023-02-28,2023-02
user_0098,7778.2,Mostaql,Accounting,2023-02-27,2023-02
user_0098,2647.91,Mostaql,Graphic Design,2023-04-07,2023-03
user_0098,1446.22,Freelancer.com,Content Writing,2023-04-20,2023-03
user_0098,1219.12,PeoplePerHour,Accounting,2023-03-31,2023-03
user_0098,5893.17,Freelancer.com,Translation,2023-05-04,2023-04
user_0098,9696.97,Toptal,Accounting,2023-06-10,2023-05
user_0098,352.14,Upwork,Video Editing,2023-07-15,2023-06
user_0098,1483.59,Direct Client,Translation,2023-07-03,2023-06
user_0098,18152.64,Freelancer.com,Accounting,2023-06-27,2023-06
user_0098,122.5,Toptal,Video Editing,2023-08-18,2023-07
user_0098,12113.37,Khamsat,Mobile Dev,2023-07-28,2023-07
user_0098,472.13,Upwork,Video Editing,2023-09-16,2023-08
user_0098,10394.97,PeoplePerHour,Content Writing,2023-09-03,2023-08
user_0098,17823.48,Mostaql,Video Editing,2023-09-27,2023-09
user_0098,13284.36,Local Agency,SEO,2023-11-02,2023-10
user_0098,2624.15,Upwork,Translation,2023-12-18,2023-11
user_0098,6060.03,PeoplePerHour,Data Analysis,2023-11-30,2023-11
user_0098,19398.1,Upwork,Translation,2023-12-31,2023-12
user_0098,4508.4,Khamsat,Data Analysis,2024-02-03,2024-01
user_0098,10294.7,PeoplePerHour,Accounting,2024-03-17,2024-02
user_0098,705.47,PeoplePerHour,Data Analysis,2024-04-03,2024-03
user_0098,4682.31,Upwork,Web Development,2024-04-04,2024-03
user_0098,4155.12,Mostaql,Web Development,2024-03-26,2024-03
user_0098,11177.31,Direct Client,Graphic Design,2024-05-02,2024-04
user_0099,7589.95,Local Agency,Content Writing,2022-07-23,2022-07
user_0099,10735.22,Direct Client,Accounting,2022-08-04,2022-07
user_0099,6291.23,Freelancer.com,Data Analysis,2022-09-13,2022-08
user_0099,275.92,Upwork,Accounting,2022-10-22,2022-09
user_0099,459.65,Freelancer.com,Mobile Dev,2022-10-03,2022-09
user_0099,2592.44,Khamsat,Web Development,2022-11-13,2022-10
user_0099,14999.36,Direct Client,Graphic Design,2022-11-23,2022-10
user_0099,95.77,Khamsat,Mobile Dev,2022-12-13,2022-11
user_0099,81.64,Freelancer.com,UI/UX,2022-12-06,2022-11
user_0099,322.59,Freelancer.com,Video Editing,2022-12-14,2022-11
user_0099,5581.25,PeoplePerHour,Graphic Design,2023-01-18,2022-12
user_0099,3768.79,PeoplePerHour,Accounting,2023-02-04,2023-01
user_0099,14146.22,Toptal,Mobile Dev,2023-03-13,2023-02
user_0099,18650.33,Khamsat,Web Development,2023-04-08,2023-03
user_0099,4457.08,PeoplePerHour,Mobile Dev,2023-05-01,2023-04
user_0099,1894.46,Direct Client,Accounting,2023-06-07,2023-05
user_0099,7457.72,Mostaql,Web Development,2023-06-10,2023-05
user_0099,5133.03,Toptal,Web Development,2023-07-06,2023-06
user_0099,1332.93,Toptal,Data Analysis,2023-06-26,2023-06
user_0099,12296.31,Local Agency,Mobile Dev,2023-08-06,2023-07
user_0099,316.24,Freelancer.com,Web Development,2023-09-08,2023-08
user_0099,183.76,Upwork,Graphic Design,2023-09-06,2023-08
user_0099,1305.87,Mostaql,Content Writing,2023-10-01,2023-09
user_0099,8268.91,Mostaql,Mobile Dev,2023-09-30,2023-09
user_0099,4368.54,Khamsat,Video Editing,2023-11-08,2023-10
user_0099,4894.0,Upwork,Content Writing,2023-12-05,2023-11
user_0099,1458.16,Local Agency,Data Analysis,2023-12-05,2023-11
user_0099,8438.1,Direct Client,UI/UX,2024-01-04,2023-12
user_0099,248.99,Mostaql,Mobile Dev,2024-01-27,2024-01
user_0099,187.42,Local Agency,Content Writing,2024-02-10,2024-01
user_0099,63.59,Khamsat,Mobile Dev,2024-01-30,2024-01
user_0099,5903.46,Toptal,Web Development,2024-02-22,2024-02
user_0099,894.29,Local Agency,Accounting,2024-03-17,2024-02
user_0099,11563.06,PeoplePerHour,Web Development,2024-03-25,2024-03
user_0099,183.18,Freelancer.com,SEO,2024-05-07,2024-04
user_0099,11055.36,PeoplePerHour,Mobile Dev,2024-05-15,2024-04
user_0099,284.54,PeoplePerHour,Accounting,2024-05-13,2024-04
user_0100,2147.71,Direct Client,Translation,2022-06-25,2022-06
user_0100,1839.58,Freelancer.com,Content Writing,2022-06-10,2022-06
user_0100,261.22,Local Agency,Data Analysis,2022-07-14,2022-07
user_0100,3189.04,Toptal,Graphic Design,2022-07-11,2022-07
user_0100,7311.92,Khamsat,Content Writing,2022-07-17,2022-07
user_0100,4851.18,Local Agency,UI/UX,2022-08-09,2022-07
user_0100,473.92,Upwork,Content Writing,2022-08-04,2022-07
user_0100,325.18,Mostaql,Video Editing,2022-08-24,2022-07
user_0100,1637.69,PeoplePerHour,Content Writing,2022-09-24,2022-08
user_0100,4812.0,Upwork,Mobile Dev,2022-10-08,2022-09
user_0100,3476.25,Mostaql,Video Editing,2022-09-29,2022-09
user_0100,659.97,Freelancer.com,Accounting,2022-12-23,2022-11
user_0100,3528.87,Khamsat,SEO,2022-12-08,2022-11
user_0100,3185.63,Khamsat,Data Analysis,2023-01-18,2022-12
user_0100,2415.24,Direct Client,Video Editing,2023-03-04,2023-02
user_0100,1291.7,Khamsat,SEO,2023-02-28,2023-02
user_0100,2610.53,Khamsat,UI/UX,2023-04-08,2023-03
user_0100,2913.15,Khamsat,Translation,2023-05-07,2023-04
user_0100,1050.16,Mostaql,Web Development,2023-05-10,2023-04
user_0100,5834.63,Khamsat,UI/UX,2023-06-16,2023-05
user_0100,1834.06,Mostaql,Graphic Design,2023-06-26,2023-06
user_0100,609.28,Khamsat,Mobile Dev,2023-08-10,2023-07
user_0100,4031.33,Toptal,Data Analysis,2023-07-30,2023-07
user_0100,9846.08,Mostaql,Video Editing,2023-09-15,2023-08
user_0100,923.56,PeoplePerHour,Web Development,2023-10-10,2023-09
user_0100,2880.68,Mostaql,Accounting,2023-09-27,2023-09
user_0100,1163.23,Freelancer.com,Web Development,2023-10-24,2023-10
user_0100,2641.57,Toptal,Mobile Dev,2023-10-29,2023-10
user_0100,4642.59,Freelancer.com,Accounting,2023-12-14,2023-11
user_0100,1283.43,Direct Client,Data Analysis,2023-12-31,2023-12
user_0100,4298.37,Freelancer.com,UI/UX,2024-03-07,2024-02
user_0100,165.0,Local Agency,Web Development,2024-04-10,2024-03
user_0100,1580.41,Khamsat,Video Editing,2024-03-28,2024-03
user_0101,5787.06,Mostaql,UI/UX,2022-06-02,2022-06
user_0101,857.27,Direct Client,SEO,2022-06-19,2022-06
user_0101,8624.31,Direct Client,Graphic Design,2022-07-22,2022-07
user_0101,7944.97,Mostaql,Video Editing,2022-08-17,2022-07
user_0101,10282.75,Toptal,Video Editing,2022-09-15,2022-08
user_0101,13671.55,Upwork,Content Writing,2022-10-11,2022-09
user_0101,8151.84,Toptal,Mobile Dev,2022-10-10,2022-09
user_0101,9488.95,Toptal,Accounting,2022-11-20,2022-10
user_0101,9030.38,Direct Client,Content Writing,2022-12-12,2022-11
user_0101,8169.32,Local Agency,Accounting,2023-01-12,2022-12
user_0101,349.94,Khamsat,UI/UX,2023-01-12,2022-12
user_0101,8504.18,Mostaql,Content Writing,2023-02-07,2023-01
user_0101,21184.11,Toptal,Web Development,2023-03-02,2023-02
user_0101,68.61,Toptal,Translation,2023-04-21,2023-03
user_0101,6508.04,Mostaql,Data Analysis,2023-04-01,2023-03
user_0101,2469.73,Local Agency,UI/UX,2023-05-16,2023-04
user_0101,7081.09,Toptal,UI/UX,2023-05-20,2023-04
user_0101,8010.72,Mostaql,Video Editing,2023-06-11,2023-05
user_0101,28.09,Toptal,Translation,2023-06-21,2023-05
user_0101,9113.57,PeoplePerHour,Data Analysis,2023-07-15,2023-06
user_0101,9472.15,Toptal,Content Writing,2023-08-10,2023-07
user_0101,1519.83,Mostaql,Video Editing,2023-09-19,2023-08
user_0101,11893.91,Toptal,Video Editing,2023-09-09,2023-08
user_0101,8610.89,PeoplePerHour,Accounting,2023-10-07,2023-09
user_0101,9441.15,PeoplePerHour,Mobile Dev,2023-10-25,2023-10
user_0101,3091.52,Freelancer.com,Video Editing,2023-11-30,2023-11
user_0101,2637.47,Direct Client,Web Development,2023-12-14,2023-11
user_0101,588.83,Toptal,Video Editing,2023-12-03,2023-11
user_0101,5503.72,Upwork,SEO,2024-01-08,2023-12
user_0101,6999.33,PeoplePerHour,Graphic Design,2024-01-27,2024-01
user_0101,244.94,PeoplePerHour,SEO,2024-03-15,2024-02
user_0101,6332.92,Local Agency,Graphic Design,2024-03-04,2024-02
user_0101,9386.76,Mostaql,Data Analysis,2024-04-14,2024-03
user_0101,830.26,Upwork,Accounting,2024-04-12,2024-03
user_0101,7111.93,Direct Client,Accounting,2024-05-16,2024-04
user_0102,2281.87,Local Agency,Data Analysis,2022-06-06,2022-06
user_0102,7064.16,Local Agency,Mobile Dev,2022-07-23,2022-07
user_0102,4202.09,PeoplePerHour,Content Writing,2022-07-07,2022-07
user_0102,2502.19,Freelancer.com,Web Development,2022-09-01,2022-08
user_0102,157.59,Upwork,Content Writing,2022-10-05,2022-09
user_0102,4106.89,Toptal,SEO,2022-10-15,2022-09
user_0102,256.29,PeoplePerHour,Mobile Dev,2022-11-18,2022-10
user_0102,3878.25,Freelancer.com,UI/UX,2022-11-09,2022-10
user_0102,1085.32,Freelancer.com,Translation,2022-12-12,2022-11
user_0102,1973.27,Freelancer.com,Data Analysis,2022-12-03,2022-11
user_0102,3708.52,PeoplePerHour,Video Editing,2023-01-04,2022-12
user_0102,3841.92,Toptal,SEO,2023-03-06,2023-02
user_0102,4627.94,Direct Client,Web Development,2023-03-12,2023-02
user_0102,1092.88,Upwork,UI/UX,2023-04-14,2023-03
user_0102,4723.25,Khamsat,SEO,2023-06-11,2023-05
user_0102,1378.34,Freelancer.com,Graphic Design,2023-10-01,2023-09
user_0102,1860.06,Khamsat,UI/UX,2023-09-24,2023-09
user_0102,3630.78,Direct Client,UI/UX,2023-10-30,2023-10
user_0102,1427.68,Mostaql,Data Analysis,2023-10-27,2023-10
user_0102,4264.18,Khamsat,UI/UX,2024-01-04,2023-12
user_0102,2789.57,Upwork,Graphic Design,2024-01-25,2024-01
user_0102,2659.68,Freelancer.com,Translation,2024-03-06,2024-02
user_0102,1335.97,Direct Client,Web Development,2024-03-13,2024-02
user_0102,2692.34,Freelancer.com,Mobile Dev,2024-04-15,2024-03
user_0102,5954.04,Direct Client,Graphic Design,2024-05-09,2024-04
user_0103,780.71,Mostaql,Translation,2022-06-24,2022-06
user_0103,4312.87,Upwork,Data Analysis,2022-06-13,2022-06
user_0103,11108.3,Mostaql,SEO,2022-07-21,2022-07
user_0103,5179.35,Mostaql,Accounting,2022-08-17,2022-07
user_0103,678.04,Direct Client,Translation,2022-09-05,2022-08
user_0103,1017.75,PeoplePerHour,Mobile Dev,2022-09-08,2022-08
user_0103,1888.78,Khamsat,Web Development,2022-09-13,2022-08
user_0103,1659.41,PeoplePerHour,SEO,2022-10-30,2022-10
user_0103,1945.92,Direct Client,Content Writing,2022-11-07,2022-10
user_0103,701.2,Direct Client,Graphic Design,2022-12-17,2022-11
user_0103,77.43,Khamsat,UI/UX,2022-12-02,2022-11
user_0103,678.03,Mostaql,Translation,2022-12-05,2022-11
user_0103,2599.26,Khamsat,Video Editing,2023-01-21,2022-12
user_0103,1148.0,Direct Client,Data Analysis,2023-01-11,2022-12
user_0103,322.01,PeoplePerHour,Data Analysis,2023-01-18,2022-12
user_0103,6336.6,Toptal,Content Writing,2023-02-28,2023-02
user_0103,7328.03,Freelancer.com,Accounting,2023-04-18,2023-03
user_0103,2739.86,Khamsat,Accounting,2023-05-19,2023-04
user_0103,1021.74,PeoplePerHour,Content Writing,2023-05-06,2023-04
user_0103,1545.6,Mostaql,Web Development,2023-06-04,2023-05
user_0103,1730.02,Mostaql,SEO,2023-06-07,2023-05
user_0103,522.57,Upwork,Translation,2023-07-12,2023-06
user_0103,1724.08,Toptal,Graphic Design,2023-07-20,2023-06
user_0103,1617.88,Toptal,Mobile Dev,2023-08-10,2023-07
user_0103,1601.75,PeoplePerHour,Data Analysis,2023-08-16,2023-07
user_0103,8201.93,Upwork,Content Writing,2023-08-29,2023-08
user_0103,1528.31,Toptal,Accounting,2023-10-11,2023-09
user_0103,2128.91,Freelancer.com,Content Writing,2023-10-05,2023-09
user_0103,5894.68,Local Agency,Web Development,2023-11-03,2023-10
user_0103,497.07,Direct Client,UI/UX,2023-12-17,2023-11
user_0103,1204.03,Upwork,Web Development,2023-11-28,2023-11
user_0103,500.0,Upwork,Web Development,2024-03-09,2024-02
user_0103,189.96,Freelancer.com,Web Development,2024-03-27,2024-03
user_0103,310.04,Local Agency,UI/UX,2024-03-28,2024-03
user_0104,1852.03,Direct Client,Mobile Dev,2022-06-19,2022-06
user_0104,3638.56,PeoplePerHour,Accounting,2022-07-08,2022-07
user_0104,3081.83,Khamsat,SEO,2022-07-03,2022-07
user_0104,2738.3,Toptal,Mobile Dev,2022-08-23,2022-07
user_0104,1065.63,Freelancer.com,UI/UX,2022-08-31,2022-08
user_0104,2303.22,Upwork,Translation,2022-09-21,2022-08
user_0104,6154.03,PeoplePerHour,Graphic Design,2022-10-17,2022-09
user_0104,603.05,Direct Client,Data Analysis,2022-11-20,2022-10
user_0104,558.05,Toptal,Web Development,2022-11-14,2022-10
user_0104,5093.1,Local Agency,Video Editing,2022-12-21,2022-11
user_0104,4032.28,PeoplePerHour,SEO,2023-01-17,2022-12
user_0104,1631.73,Local Agency,Translation,2023-02-20,2023-01
user_0104,168.02,Upwork,Graphic Design,2023-03-22,2023-02
user_0104,3473.61,Direct Client,UI/UX,2023-03-23,2023-02
user_0104,89.26,Local Agency,Graphic Design,2023-04-18,2023-03
user_0104,410.74,Freelancer.com,Mobile Dev,2023-04-15,2023-03
user_0104,1648.98,PeoplePerHour,Accounting,2023-04-28,2023-04
user_0104,1323.97,Toptal,SEO,2023-05-06,2023-04
user_0104,536.44,Toptal,Graphic Design,2023-05-15,2023-04
user_0104,5356.07,Local Agency,Accounting,2023-06-14,2023-05
user_0104,1130.08,Mostaql,SEO,2023-06-02,2023-05
user_0104,7562.22,PeoplePerHour,Content Writing,2023-07-03,2023-06
user_0104,746.26,Upwork,Web Development,2023-08-03,2023-07
user_0104,1272.56,Khamsat,Video Editing,2023-08-06,2023-07
user_0104,3525.13,Upwork,Data Analysis,2023-08-02,2023-07
user_0104,1354.33,Toptal,SEO,2023-11-15,2023-10
user_0104,2920.73,Freelancer.com,UI/UX,2023-11-04,2023-10
user_0104,1458.1,Khamsat,Web Development,2023-12-12,2023-11
user_0104,3711.31,Toptal,Data Analysis,2023-11-29,2023-11
user_0104,4348.15,Direct Client,Mobile Dev,2024-02-06,2024-01
user_0104,3517.85,PeoplePerHour,UI/UX,2024-02-28,2024-02
user_0104,941.54,PeoplePerHour,Graphic Design,2024-04-01,2024-03
user_0104,1235.35,Mostaql,Graphic Design,2024-04-01,2024-03
user_0104,1026.34,Direct Client,Web Development,2024-04-25,2024-04
user_0105,1205.94,Toptal,Translation,2022-06-20,2022-06
user_0105,5283.49,Mostaql,UI/UX,2022-06-25,2022-06
user_0105,1206.63,Toptal,Graphic Design,2022-06-13,2022-06
user_0105,624.85,Upwork,Data Analysis,2022-07-20,2022-07
user_0105,315.75,Toptal,Content Writing,2022-07-02,2022-07
user_0105,1377.91,Freelancer.com,Web Development,2022-09-08,2022-08
user_0105,2864.16,Upwork,Graphic Design,2022-10-23,2022-09
user_0105,1189.89,Direct Client,Web Development,2022-10-24,2022-09
user_0105,5539.91,Direct Client,Mobile Dev,2022-11-10,2022-10
user_0105,329.31,Toptal,SEO,2022-12-16,2022-11
user_0105,3375.64,Toptal,Translation,2022-12-11,2022-11
user_0105,584.48,PeoplePerHour,Mobile Dev,2022-12-31,2022-12
user_0105,4700.76,Freelancer.com,Content Writing,2023-01-15,2022-12
user_0105,2738.08,Direct Client,SEO,2023-02-04,2023-01
user_0105,185.36,PeoplePerHour,SEO,2023-01-28,2023-01
user_0105,3346.29,Khamsat,Data Analysis,2023-03-23,2023-02
user_0105,492.22,Khamsat,Data Analysis,2023-04-09,2023-03
user_0105,7.78,Freelancer.com,Graphic Design,2023-04-01,2023-03
user_0105,658.71,Direct Client,Web Development,2023-06-07,2023-05
user_0105,5537.33,Mostaql,SEO,2023-06-03,2023-05
user_0105,3696.5,Freelancer.com,UI/UX,2023-07-06,2023-06
user_0105,1992.14,Toptal,Data Analysis,2023-08-03,2023-07
user_0105,3732.25,Toptal,Mobile Dev,2023-08-19,2023-07
user_0105,3604.48,Khamsat,Web Development,2023-09-10,2023-08
user_0105,4225.0,Local Agency,Accounting,2023-10-17,2023-09
user_0105,1271.4,PeoplePerHour,Translation,2023-09-25,2023-09
user_0105,2292.29,Khamsat,Graphic Design,2023-11-03,2023-10
user_0105,1135.68,Direct Client,Graphic Design,2023-11-06,2023-10
user_0105,437.98,PeoplePerHour,Web Development,2023-12-07,2023-11
user_0105,1726.4,Upwork,SEO,2023-12-17,2023-11
user_0105,781.28,Mostaql,Graphic Design,2023-12-14,2023-11
user_0105,500.0,PeoplePerHour,Web Development,2023-12-23,2023-12
user_0105,2111.92,Khamsat,UI/UX,2024-02-13,2024-01
user_0105,796.34,Local Agency,Accounting,2024-03-16,2024-02
user_0105,432.31,Upwork,Mobile Dev,2024-03-16,2024-02
user_0105,3811.07,Direct Client,Translation,2024-03-29,2024-03
user_0105,1722.99,Freelancer.com,Mobile Dev,2024-05-07,2024-04
user_0105,2003.01,Upwork,Graphic Design,2024-05-13,2024-04
user_0106,7749.95,Mostaql,Translation,2022-06-06,2022-06
user_0106,3654.93,Freelancer.com,Translation,2022-07-05,2022-07
user_0106,2740.57,Local Agency,Content Writing,2022-07-05,2022-07
user_0106,3025.15,Mostaql,Web Development,2022-08-14,2022-07
user_0106,5058.94,Khamsat,Mobile Dev,2022-09-07,2022-08
user_0106,1391.37,Toptal,Content Writing,2022-09-14,2022-08
user_0106,5659.4,Khamsat,UI/UX,2022-10-10,2022-09
user_0106,1955.27,PeoplePerHour,Accounting,2022-11-13,2022-10
user_0106,4928.27,PeoplePerHour,Video Editing,2022-11-10,2022-10
user_0106,6458.34,Khamsat,Graphic Design,2022-12-18,2022-11
user_0106,2668.12,Upwork,Web Development,2022-12-05,2022-11
user_0106,2783.93,Freelancer.com,Web Development,2023-01-11,2022-12
user_0106,2608.82,Mostaql,Mobile Dev,2023-01-10,2022-12
user_0106,3568.33,Direct Client,Graphic Design,2023-02-14,2023-01
user_0106,5664.26,Khamsat,SEO,2023-03-23,2023-02
user_0106,3319.31,Toptal,Video Editing,2023-04-09,2023-03
user_0106,3704.73,Toptal,Web Development,2023-04-09,2023-03
user_0106,17986.3,PeoplePerHour,Graphic Design,2023-05-22,2023-04
user_0106,6551.28,Freelancer.com,Content Writing,2023-06-09,2023-05
user_0106,6489.01,Local Agency,Accounting,2023-07-06,2023-06
user_0106,2988.62,Khamsat,Accounting,2023-07-20,2023-06
user_0106,10723.83,Mostaql,SEO,2023-08-04,2023-07
user_0106,2564.92,Local Agency,Web Development,2023-09-01,2023-08
user_0106,6881.47,Local Agency,Video Editing,2023-09-05,2023-08
user_0106,7282.79,Khamsat,Data Analysis,2023-10-08,2023-09
user_0106,9954.18,Mostaql,Accounting,2023-10-28,2023-10
user_0106,3192.62,Local Agency,SEO,2023-12-14,2023-11
user_0106,4897.15,Freelancer.com,Graphic Design,2023-12-09,2023-11
user_0106,5800.72,Freelancer.com,Data Analysis,2024-01-14,2023-12
user_0106,8366.49,Freelancer.com,Video Editing,2024-02-10,2024-01
user_0106,1972.12,Khamsat,UI/UX,2024-02-22,2024-02
user_0106,4923.82,Toptal,Accounting,2024-03-13,2024-02
user_0106,1602.74,Upwork,Content Writing,2024-02-22,2024-02
user_0106,272.94,Khamsat,Accounting,2024-03-27,2024-03
user_0106,8767.08,Direct Client,Data Analysis,2024-03-22,2024-03
user_0106,10666.11,Local Agency,UI/UX,2024-05-10,2024-04
user_0107,3421.19,Mostaql,Translation,2022-06-02,2022-06
user_0107,4722.2,Upwork,Data Analysis,2022-06-07,2022-06
user_0107,1396.39,Upwork,Video Editing,2022-07-17,2022-07
user_0107,6084.92,Upwork,Graphic Design,2022-07-11,2022-07
user_0107,9195.19,Freelancer.com,Graphic Design,2022-08-03,2022-07
user_0107,10288.72,Freelancer.com,Content Writing,2022-09-10,2022-08
user_0107,11648.96,PeoplePerHour,Data Analysis,2022-10-05,2022-09
user_0107,4375.46,Mostaql,Mobile Dev,2022-10-20,2022-09
user_0107,4331.64,PeoplePerHour,Mobile Dev,2022-10-12,2022-09
user_0107,8288.04,Freelancer.com,Content Writing,2022-11-06,2022-10
user_0107,3602.2,Mostaql,Data Analysis,2022-12-07,2022-11
user_0107,6065.07,Freelancer.com,Data Analysis,2022-12-16,2022-11
user_0107,1191.03,Khamsat,SEO,2022-12-31,2022-12
user_0107,5453.48,PeoplePerHour,Data Analysis,2023-01-07,2022-12
user_0107,3185.01,Direct Client,Web Development,2023-02-13,2023-01
user_0107,2756.12,Toptal,Graphic Design,2023-01-29,2023-01
user_0107,2840.74,Khamsat,Content Writing,2023-03-02,2023-02
user_0107,3270.03,Mostaql,UI/UX,2023-03-10,2023-02
user_0107,594.91,Freelancer.com,Video Editing,2023-02-28,2023-02
user_0107,16993.18,Direct Client,Content Writing,2023-04-01,2023-03
user_0107,37.87,Freelancer.com,Translation,2023-04-21,2023-03
user_0107,2573.69,Direct Client,Web Development,2023-05-07,2023-04
user_0107,3654.81,PeoplePerHour,Translation,2023-04-29,2023-04
user_0107,1741.35,PeoplePerHour,Video Editing,2023-04-28,2023-04
user_0107,14667.19,Upwork,Content Writing,2023-06-17,2023-05
user_0107,10490.02,Freelancer.com,UI/UX,2023-07-16,2023-06
user_0107,10417.09,Mostaql,UI/UX,2023-08-03,2023-07
user_0107,1240.16,PeoplePerHour,Data Analysis,2023-08-26,2023-08
user_0107,8783.12,Upwork,UI/UX,2023-08-27,2023-08
user_0107,516.02,Khamsat,Content Writing,2023-09-19,2023-08
user_0107,2515.64,Local Agency,SEO,2023-10-07,2023-09
user_0107,6327.17,Mostaql,SEO,2023-10-03,2023-09
user_0107,8068.92,Direct Client,Content Writing,2023-10-27,2023-10
user_0107,6925.34,Local Agency,Data Analysis,2023-11-28,2023-11
user_0107,1921.45,PeoplePerHour,Video Editing,2023-12-23,2023-12
user_0107,9130.81,Toptal,Content Writing,2023-12-26,2023-12
user_0107,277.09,Freelancer.com,SEO,2024-01-26,2024-01
user_0107,3541.81,Toptal,Accounting,2024-01-25,2024-01
user_0107,7190.73,Khamsat,Accounting,2024-01-29,2024-01
user_0107,26473.08,Local Agency,UI/UX,2024-03-09,2024-02
user_0107,898.34,Mostaql,Web Development,2024-04-01,2024-03
user_0107,5096.79,PeoplePerHour,Translation,2024-04-06,2024-03
user_0108,5888.81,PeoplePerHour,Mobile Dev,2022-06-11,2022-06
user_0108,835.8,Freelancer.com,Content Writing,2022-07-23,2022-07
user_0108,3183.7,Toptal,Data Analysis,2022-07-10,2022-07
user_0108,3893.49,Upwork,Translation,2022-08-14,2022-07
user_0108,2096.97,Local Agency,Translation,2022-08-01,2022-07
user_0108,2985.75,Mostaql,Content Writing,2022-09-18,2022-08
user_0108,128.49,Mostaql,Graphic Design,2022-09-04,2022-08
user_0108,2231.54,Upwork,Content Writing,2022-09-19,2022-08
user_0108,4648.72,Khamsat,Graphic Design,2022-11-19,2022-10
user_0108,2678.59,Mostaql,Content Writing,2022-12-05,2022-11
user_0108,1799.56,Freelancer.com,UI/UX,2023-01-16,2022-12
user_0108,2087.09,Local Agency,Mobile Dev,2023-02-10,2023-01
user_0108,35.78,Local Agency,Web Development,2023-04-06,2023-03
user_0108,8599.02,Local Agency,UI/UX,2023-04-03,2023-03
user_0108,2240.94,Khamsat,Data Analysis,2023-04-19,2023-03
user_0108,1717.02,Local Agency,SEO,2023-05-10,2023-04
user_0108,4421.63,Direct Client,Graphic Design,2023-05-18,2023-04
user_0108,1072.99,Khamsat,Graphic Design,2023-05-20,2023-04
user_0108,639.73,Direct Client,Content Writing,2023-06-01,2023-05
user_0108,3851.62,Direct Client,Accounting,2023-06-01,2023-05
user_0108,73.43,Upwork,Web Development,2023-06-27,2023-06
user_0108,1004.01,Upwork,SEO,2023-07-07,2023-06
user_0108,6667.23,Direct Client,SEO,2023-08-07,2023-07
user_0108,750.81,Upwork,Graphic Design,2023-09-15,2023-08
user_0108,3115.92,Local Agency,Mobile Dev,2023-08-26,2023-08
user_0108,958.19,PeoplePerHour,Web Development,2023-10-02,2023-09
user_0108,8162.89,Local Agency,Mobile Dev,2023-10-05,2023-09
user_0108,500.0,Mostaql,Video Editing,2023-12-06,2023-11
user_0108,6418.84,Local Agency,Web Development,2023-12-29,2023-12
user_0108,2824.66,Khamsat,Video Editing,2024-01-27,2024-01
user_0108,500.0,Toptal,Web Development,2024-03-13,2024-02
user_0108,572.72,Upwork,Accounting,2024-04-15,2024-03
user_0108,649.33,Direct Client,Mobile Dev,2024-03-25,2024-03
user_0108,174.76,Local Agency,Translation,2024-03-22,2024-03
user_0108,4751.92,Local Agency,Video Editing,2024-04-25,2024-04
user_0109,5802.65,Mostaql,Mobile Dev,2022-06-23,2022-06
user_0109,1906.69,Mostaql,Graphic Design,2022-06-07,2022-06
user_0109,8487.36,Direct Client,Mobile Dev,2022-07-06,2022-07
user_0109,19479.99,Toptal,Content Writing,2022-08-24,2022-07
user_0109,793.43,Khamsat,Video Editing,2022-08-12,2022-07
user_0109,22030.64,Mostaql,Graphic Design,2022-09-13,2022-08
user_0109,4794.67,Khamsat,Translation,2022-10-16,2022-09
user_0109,5251.43,Upwork,Data Analysis,2022-10-19,2022-09
user_0109,9839.81,Direct Client,Web Development,2022-11-06,2022-10
user_0109,6122.64,Direct Client,UI/UX,2022-12-20,2022-11
user_0109,1225.16,Mostaql,Accounting,2022-12-19,2022-11
user_0109,482.32,Direct Client,SEO,2023-01-08,2022-12
user_0109,1591.95,Direct Client,Graphic Design,2023-01-17,2022-12
user_0109,4553.82,Local Agency,Mobile Dev,2023-01-08,2022-12
user_0109,3917.79,Local Agency,Translation,2023-02-06,2023-01
user_0109,12241.36,Toptal,Web Development,2023-01-31,2023-01
user_0109,2285.9,Upwork,SEO,2023-03-22,2023-02
user_0109,4849.1,PeoplePerHour,Accounting,2023-03-04,2023-02
user_0109,7270.14,Local Agency,Web Development,2023-04-09,2023-03
user_0109,10164.36,PeoplePerHour,Web Development,2023-05-21,2023-04
user_0109,1183.05,Freelancer.com,Web Development,2023-05-13,2023-04
user_0109,403.94,Direct Client,Video Editing,2023-05-07,2023-04
user_0109,2545.17,Mostaql,Accounting,2023-06-01,2023-05
user_0109,2552.08,PeoplePerHour,Content Writing,2023-06-09,2023-05
user_0109,1704.1,Freelancer.com,Graphic Design,2023-06-01,2023-05
user_0109,10728.69,Khamsat,Translation,2023-07-19,2023-06
user_0109,9241.37,Freelancer.com,Content Writing,2023-08-11,2023-07
user_0109,3113.84,Toptal,Web Development,2023-09-18,2023-08
user_0109,4379.4,Mostaql,Video Editing,2023-09-06,2023-08
user_0109,704.62,Direct Client,UI/UX,2023-09-26,2023-09
user_0109,11645.21,Khamsat,UI/UX,2023-09-27,2023-09
user_0109,7727.72,Local Agency,Graphic Design,2023-11-08,2023-10
user_0109,3382.57,Direct Client,Mobile Dev,2023-12-14,2023-11
user_0109,1203.45,Mostaql,Web Development,2023-12-13,2023-11
user_0109,4268.62,Toptal,Content Writing,2023-12-07,2023-11
user_0109,6223.61,PeoplePerHour,SEO,2024-01-11,2023-12
user_0109,6442.48,Freelancer.com,SEO,2024-02-12,2024-01
user_0109,21077.59,Freelancer.com,Web Development,2024-02-21,2024-02
user_0109,3319.3,Local Agency,Video Editing,2024-04-04,2024-03
user_0109,4426.35,Upwork,UI/UX,2024-04-08,2024-03
user_0109,412.36,Local Agency,Mobile Dev,2024-03-27,2024-03
user_0109,9282.48,Local Agency,Accounting,2024-05-16,2024-04
user_0109,352.63,Direct Client,Graphic Design,2024-05-15,2024-04
user_0110,1160.08,PeoplePerHour,SEO,2022-06-20,2022-06
user_0110,13480.86,PeoplePerHour,Accounting,2022-07-17,2022-07
user_0110,15032.17,Khamsat,SEO,2022-08-25,2022-07
user_0110,2317.86,Upwork,UI/UX,2022-09-24,2022-08
user_0110,667.2,PeoplePerHour,Content Writing,2022-09-22,2022-08
user_0110,26515.85,Khamsat,Mobile Dev,2022-10-14,2022-09
user_0110,10872.23,Mostaql,Video Editing,2022-11-18,2022-10
user_0110,10880.04,Khamsat,Web Development,2022-12-01,2022-11
user_0110,1053.15,Upwork,Web Development,2023-01-05,2022-12
user_0110,1661.51,Upwork,SEO,2023-01-21,2022-12
user_0110,29.48,Khamsat,Translation,2023-01-12,2022-12
user_0110,8032.45,Mostaql,Web Development,2023-01-29,2023-01
user_0110,1942.9,Freelancer.com,Graphic Design,2023-02-17,2023-01
user_0110,403.29,Mostaql,UI/UX,2023-03-21,2023-02
user_0110,10858.0,Upwork,Video Editing,2023-03-03,2023-02
user_0110,2275.32,Upwork,Mobile Dev,2023-04-16,2023-03
user_0110,2381.93,Local Agency,Web Development,2023-05-18,2023-04
user_0110,4790.23,Local Agency,Web Development,2023-05-20,2023-04
user_0110,118.46,Mostaql,Content Writing,2023-05-06,2023-04
user_0110,8657.75,Mostaql,Graphic Design,2023-06-28,2023-06
user_0110,419.75,PeoplePerHour,Content Writing,2023-08-17,2023-07
user_0110,5962.8,Khamsat,Translation,2023-08-06,2023-07
user_0110,1349.31,Khamsat,Data Analysis,2023-09-05,2023-08
user_0110,556.46,Mostaql,Video Editing,2023-09-08,2023-08
user_0110,940.46,Toptal,Video Editing,2023-10-24,2023-10
user_0110,7145.5,PeoplePerHour,Web Development,2023-11-15,2023-10
user_0110,1801.54,Upwork,Translation,2023-11-11,2023-10
user_0110,7675.04,Khamsat,Translation,2024-01-09,2023-12
user_0110,6342.33,Direct Client,SEO,2024-02-24,2024-02
user_0110,9245.45,Upwork,Mobile Dev,2024-03-31,2024-03
user_0110,6270.79,Local Agency,UI/UX,2024-04-26,2024-04
user_0111,4693.33,Local Agency,Translation,2022-06-20,2022-06
user_0111,257.64,Khamsat,Data Analysis,2022-06-24,2022-06
user_0111,7986.33,Mostaql,Web Development,2022-07-20,2022-07
user_0111,6538.44,Direct Client,SEO,2022-08-15,2022-07
user_0111,726.3,Mostaql,Graphic Design,2022-08-18,2022-07
user_0111,6834.22,Local Agency,Translation,2022-09-23,2022-08
user_0111,1524.26,Local Agency,Accounting,2022-12-06,2022-11
user_0111,2834.55,Upwork,Content Writing,2022-12-05,2022-11
user_0111,1457.02,Freelancer.com,Translation,2023-01-14,2022-12
user_0111,231.73,PeoplePerHour,Content Writing,2023-01-13,2022-12
user_0111,872.66,Toptal,Accounting,2023-01-12,2022-12
user_0111,3646.93,Mostaql,Accounting,2023-03-01,2023-02
user_0111,2973.56,Freelancer.com,SEO,2023-04-16,2023-03
user_0111,363.02,Local Agency,Graphic Design,2023-04-20,2023-03
user_0111,639.88,Freelancer.com,UI/UX,2023-04-28,2023-04
user_0111,300.32,Freelancer.com,Graphic Design,2023-05-18,2023-04
user_0111,330.72,Local Agency,Mobile Dev,2023-04-27,2023-04
user_0111,5402.61,Khamsat,Video Editing,2023-06-11,2023-05
user_0111,8082.63,Upwork,Video Editing,2023-06-28,2023-06
user_0111,603.74,Direct Client,UI/UX,2023-07-17,2023-06
user_0111,1387.33,Local Agency,Translation,2023-08-16,2023-07
user_0111,934.5,Khamsat,Graphic Design,2023-08-12,2023-07
user_0111,6430.09,Upwork,UI/UX,2023-09-08,2023-08
user_0111,3308.23,Toptal,Translation,2023-10-04,2023-09
user_0111,5773.11,Freelancer.com,Translation,2023-11-05,2023-10
user_0111,500.0,Upwork,Content Writing,2023-11-25,2023-11
user_0111,5645.92,Khamsat,Translation,2024-01-25,2024-01
user_0111,115.45,Toptal,UI/UX,2024-02-27,2024-02
user_0111,4249.56,Local Agency,UI/UX,2024-02-29,2024-02
user_0111,500.0,Local Agency,Graphic Design,2024-04-03,2024-03
user_0111,522.91,Direct Client,Graphic Design,2024-04-23,2024-04
user_0111,1726.98,Local Agency,Translation,2024-04-26,2024-04
user_0112,1082.95,Freelancer.com,Data Analysis,2022-06-12,2022-06
user_0112,6873.98,Toptal,Translation,2022-06-22,2022-06
user_0112,3562.48,Local Agency,Video Editing,2022-07-07,2022-07
user_0112,1094.5,Freelancer.com,Accounting,2022-07-13,2022-07
user_0112,6653.96,Toptal,Content Writing,2022-08-08,2022-07
user_0112,1043.48,Toptal,Translation,2022-09-01,2022-08
user_0112,2999.42,Local Agency,Data Analysis,2022-09-07,2022-08
user_0112,5584.59,Direct Client,Accounting,2022-10-24,2022-09
user_0112,3574.09,Freelancer.com,UI/UX,2022-11-04,2022-10
user_0112,1902.37,Freelancer.com,Graphic Design,2022-11-02,2022-10
user_0112,2774.57,Freelancer.com,Data Analysis,2022-11-15,2022-10
user_0112,3733.27,Local Agency,Accounting,2022-12-01,2022-11
user_0112,3939.13,Toptal,Mobile Dev,2022-12-16,2022-11
user_0112,1087.42,Khamsat,Web Development,2022-12-06,2022-11
user_0112,14310.0,Mostaql,Data Analysis,2023-01-14,2022-12
user_0112,6665.99,Mostaql,Content Writing,2023-01-12,2022-12
user_0112,1200.21,Local Agency,UI/UX,2023-01-02,2022-12
user_0112,907.86,Freelancer.com,Translation,2023-02-18,2023-01
user_0112,4555.02,Mostaql,Content Writing,2023-02-14,2023-01
user_0112,287.05,Upwork,UI/UX,2023-03-21,2023-02
user_0112,6530.27,PeoplePerHour,Mobile Dev,2023-03-09,2023-02
user_0112,5007.57,PeoplePerHour,Video Editing,2023-03-29,2023-03
user_0112,18917.67,Freelancer.com,UI/UX,2023-05-11,2023-04
user_0112,1111.1,Mostaql,Data Analysis,2023-06-08,2023-05
user_0112,1844.74,Local Agency,SEO,2023-06-18,2023-05
user_0112,4222.02,PeoplePerHour,Accounting,2023-06-09,2023-05
user_0112,11886.74,Local Agency,Video Editing,2023-08-14,2023-07
user_0112,11758.52,Freelancer.com,Video Editing,2023-08-26,2023-08
user_0112,13444.6,PeoplePerHour,SEO,2023-10-02,2023-09
user_0112,8113.05,Freelancer.com,Data Analysis,2023-11-11,2023-10
user_0112,2327.94,Toptal,Data Analysis,2023-11-26,2023-11
user_0112,3693.83,PeoplePerHour,Translation,2023-11-29,2023-11
user_0112,2025.1,Toptal,Graphic Design,2023-11-25,2023-11
user_0112,7472.09,Mostaql,Translation,2024-01-07,2023-12
user_0112,603.34,Upwork,Content Writing,2023-12-27,2023-12
user_0112,8110.07,Toptal,Accounting,2024-01-31,2024-01
user_0112,7513.59,Khamsat,Data Analysis,2024-02-25,2024-02
user_0112,4389.18,Local Agency,Video Editing,2024-04-14,2024-03
user_0112,7653.09,Toptal,Graphic Design,2024-05-10,2024-04
user_0113,6016.65,Local Agency,Graphic Design,2022-07-04,2022-07
user_0113,325.2,PeoplePerHour,Data Analysis,2022-07-21,2022-07
user_0113,1935.36,Direct Client,Accounting,2022-07-10,2022-07
user_0113,6424.05,Direct Client,Graphic Design,2022-08-22,2022-07
user_0113,2596.62,Direct Client,Translation,2022-09-24,2022-08
user_0113,2979.09,Mostaql,SEO,2022-09-22,2022-08
user_0113,2692.41,Freelancer.com,Mobile Dev,2022-10-17,2022-09
user_0113,444.31,Upwork,Video Editing,2022-10-04,2022-09
user_0113,923.61,PeoplePerHour,Mobile Dev,2022-10-15,2022-09
user_0113,2650.54,PeoplePerHour,UI/UX,2022-11-14,2022-10
user_0113,2294.87,Khamsat,UI/UX,2022-10-30,2022-10
user_0113,2545.48,Mostaql,Mobile Dev,2022-12-07,2022-11
user_0113,6688.74,Freelancer.com,Data Analysis,2022-12-28,2022-12
user_0113,1475.25,Freelancer.com,Content Writing,2023-01-28,2023-01
user_0113,265.69,Freelancer.com,Web Development,2023-03-03,2023-02
user_0113,234.31,Toptal,Translation,2023-03-08,2023-02
user_0113,2684.62,Upwork,SEO,2023-04-13,2023-03
user_0113,3633.5,Upwork,Video Editing,2023-05-12,2023-04
user_0113,2665.98,PeoplePerHour,Mobile Dev,2023-06-02,2023-05
user_0113,5675.3,Local Agency,Graphic Design,2023-07-09,2023-06
user_0113,1969.45,Local Agency,Data Analysis,2023-08-05,2023-07
user_0113,5415.04,Khamsat,Data Analysis,2023-07-26,2023-07
user_0113,8989.95,Direct Client,Translation,2023-08-26,2023-08
user_0113,883.32,Upwork,Data Analysis,2023-10-15,2023-09
user_0113,374.1,Toptal,Video Editing,2023-09-26,2023-09
user_0113,3326.73,Local Agency,Mobile Dev,2023-10-07,2023-09
user_0113,875.52,Khamsat,UI/UX,2023-11-16,2023-10
user_0113,308.35,Mostaql,Video Editing,2023-12-14,2023-11
user_0113,1865.61,Direct Client,Accounting,2023-12-16,2023-11
user_0113,481.52,PeoplePerHour,Mobile Dev,2023-11-24,2023-11
user_0113,3345.02,Toptal,Mobile Dev,2024-01-03,2023-12
user_0113,1964.82,Khamsat,Video Editing,2024-01-26,2024-01
user_0113,4426.35,Freelancer.com,Translation,2024-02-13,2024-01
user_0113,500.0,PeoplePerHour,Content Writing,2024-02-29,2024-02
user_0113,233.72,Direct Client,Mobile Dev,2024-04-01,2024-03
user_0113,4.43,Toptal,Web Development,2024-04-07,2024-03
user_0113,261.85,Upwork,Video Editing,2024-03-25,2024-03
user_0113,1772.9,Direct Client,Data Analysis,2024-05-01,2024-04
user_0114,74.96,Local Agency,SEO,2022-06-20,2022-06
user_0114,8053.62,Khamsat,Mobile Dev,2022-06-10,2022-06
user_0114,1767.6,Freelancer.com,Content Writing,2022-06-08,2022-06
user_0114,3954.67,Upwork,Web Development,2022-07-01,2022-07
user_0114,4783.11,Mostaql,Data Analysis,2022-08-05,2022-07
user_0114,6576.46,Freelancer.com,Web Development,2022-09-16,2022-08
user_0114,8507.56,PeoplePerHour,Mobile Dev,2022-10-24,2022-09
user_0114,807.66,Direct Client,Mobile Dev,2022-10-13,2022-09
user_0114,4236.05,Upwork,SEO,2022-11-22,2022-10
user_0114,3672.68,Mostaql,Mobile Dev,2022-11-13,2022-10
user_0114,6768.85,Mostaql,Translation,2022-11-19,2022-10
user_0114,1777.2,Local Agency,SEO,2022-12-22,2022-11
user_0114,7223.15,Freelancer.com,Data Analysis,2022-12-13,2022-11
user_0114,2295.63,Local Agency,UI/UX,2023-01-14,2022-12
user_0114,419.64,Local Agency,Mobile Dev,2023-02-16,2023-01
user_0114,80.36,Freelancer.com,Content Writing,2023-02-12,2023-01
user_0114,906.07,Toptal,Web Development,2023-03-13,2023-02
user_0114,3077.63,Mostaql,Data Analysis,2023-03-18,2023-02
user_0114,2210.41,Freelancer.com,Content Writing,2023-03-16,2023-02
user_0114,2178.79,PeoplePerHour,Accounting,2023-04-02,2023-03
user_0114,1236.93,Toptal,UI/UX,2023-04-18,2023-03
user_0114,1322.71,Toptal,SEO,2023-03-30,2023-03
user_0114,5744.18,Upwork,Graphic Design,2023-04-28,2023-04
user_0114,11185.11,Direct Client,Web Development,2023-05-19,2023-04
user_0114,13794.22,Direct Client,Mobile Dev,2023-06-12,2023-05
user_0114,12990.86,Local Agency,Graphic Design,2023-07-17,2023-06
user_0114,1402.18,Toptal,Translation,2023-07-05,2023-06
user_0114,26529.47,Toptal,Accounting,2023-08-11,2023-07
user_0114,1689.06,Khamsat,Translation,2023-08-28,2023-08
user_0114,4958.24,PeoplePerHour,Content Writing,2023-09-17,2023-08
user_0114,3372.76,Toptal,Mobile Dev,2023-10-16,2023-09
user_0114,4337.45,Mostaql,Content Writing,2023-09-29,2023-09
user_0114,10563.77,Local Agency,Web Development,2023-09-26,2023-09
user_0114,9921.51,Local Agency,UI/UX,2023-11-03,2023-10
user_0114,1405.94,Freelancer.com,Content Writing,2023-12-31,2023-12
user_0114,340.48,Toptal,Data Analysis,2024-01-16,2023-12
user_0114,3755.49,Local Agency,Accounting,2023-12-27,2023-12
user_0114,251.51,Toptal,UI/UX,2024-01-26,2024-01
user_0114,224.98,Toptal,SEO,2024-02-15,2024-01
user_0114,23.5,Upwork,Graphic Design,2024-02-05,2024-01
user_0114,1676.55,Freelancer.com,Data Analysis,2024-02-24,2024-02
user_0114,6690.6,Freelancer.com,Data Analysis,2024-03-27,2024-03
user_0114,1756.33,PeoplePerHour,Content Writing,2024-04-24,2024-04
user_0114,10596.4,Toptal,Video Editing,2024-05-04,2024-04
user_0115,232.24,Mostaql,Web Development,2022-06-02,2022-06
user_0115,5259.3,Mostaql,Web Development,2022-06-17,2022-06
user_0115,9140.31,Toptal,Web Development,2022-07-10,2022-07
user_0115,2311.0,Mostaql,UI/UX,2022-07-25,2022-07
user_0115,10086.83,PeoplePerHour,Translation,2022-08-16,2022-07
user_0115,15573.39,Upwork,Data Analysis,2022-09-15,2022-08
user_0115,371.1,Direct Client,Accounting,2022-09-06,2022-08
user_0115,4633.45,Toptal,Accounting,2022-10-01,2022-09
user_0115,2144.08,Local Agency,Video Editing,2022-10-12,2022-09
user_0115,8545.33,Direct Client,Web Development,2022-11-06,2022-10
user_0115,8170.57,Upwork,Content Writing,2022-12-12,2022-11
user_0115,6145.22,Upwork,Accounting,2023-01-04,2022-12
user_0115,5012.01,PeoplePerHour,Mobile Dev,2023-02-19,2023-01
user_0115,3629.59,Local Agency,Data Analysis,2023-02-11,2023-01
user_0115,853.77,Khamsat,Video Editing,2023-02-26,2023-02
user_0115,3869.03,Upwork,Video Editing,2023-02-28,2023-02
user_0115,5706.56,Toptal,Web Development,2023-04-06,2023-03
user_0115,3279.29,PeoplePerHour,Graphic Design,2023-05-01,2023-04
user_0115,3516.14,Toptal,UI/UX,2023-05-13,2023-04
user_0115,1742.09,Upwork,Video Editing,2023-05-16,2023-04
user_0115,4964.49,Direct Client,Accounting,2023-06-04,2023-05
user_0115,1890.67,PeoplePerHour,Web Development,2023-06-14,2023-05
user_0115,4487.79,Freelancer.com,Data Analysis,2023-06-29,2023-06
user_0115,2009.0,Direct Client,Video Editing,2023-07-15,2023-06
user_0115,10412.44,PeoplePerHour,Content Writing,2023-08-19,2023-07
user_0115,5234.22,PeoplePerHour,Accounting,2023-08-26,2023-08
user_0115,5684.28,Direct Client,Web Development,2023-09-08,2023-08
user_0115,8421.35,Local Agency,UI/UX,2023-10-08,2023-09
user_0115,2110.13,Upwork,Video Editing,2023-10-31,2023-10
user_0115,6206.6,PeoplePerHour,Data Analysis,2023-11-07,2023-10
user_0115,8967.42,Toptal,Content Writing,2023-12-12,2023-11
user_0115,2758.92,Direct Client,Accounting,2023-11-25,2023-11
user_0115,5043.31,Direct Client,UI/UX,2023-11-28,2023-11
user_0115,7549.94,Khamsat,Mobile Dev,2023-12-27,2023-12
user_0115,5838.71,Mostaql,UI/UX,2024-01-27,2024-01
user_0115,608.46,Khamsat,Web Development,2024-02-13,2024-01
user_0115,663.87,Khamsat,Video Editing,2024-02-04,2024-01
user_0115,5681.53,Khamsat,Translation,2024-02-26,2024-02
user_0115,435.28,Khamsat,Graphic Design,2024-03-15,2024-02
user_0115,802.99,Local Agency,Mobile Dev,2024-03-11,2024-02
user_0115,5375.47,PeoplePerHour,Mobile Dev,2024-03-27,2024-03
user_0115,2155.49,Mostaql,Mobile Dev,2024-03-29,2024-03
user_0115,9332.14,PeoplePerHour,Graphic Design,2024-05-10,2024-04
user_0116,7816.72,Toptal,Graphic Design,2022-06-13,2022-06
user_0116,918.28,Local Agency,Video Editing,2022-06-25,2022-06
user_0116,113.08,Direct Client,SEO,2022-07-03,2022-07
user_0116,335.95,Khamsat,Mobile Dev,2022-07-24,2022-07
user_0116,743.64,Toptal,Content Writing,2022-07-23,2022-07
user_0116,7766.82,Khamsat,Web Development,2022-08-12,2022-07
user_0116,1066.33,Direct Client,Content Writing,2022-08-06,2022-07
user_0116,590.99,Mostaql,Translation,2022-08-14,2022-07
user_0116,5525.24,Mostaql,Graphic Design,2022-09-22,2022-08
user_0116,5370.86,Toptal,UI/UX,2022-10-01,2022-09
user_0116,6344.56,Upwork,UI/UX,2022-11-02,2022-10
user_0116,3344.84,Mostaql,Graphic Design,2022-12-06,2022-11
user_0116,12526.59,Upwork,Web Development,2022-12-12,2022-11
user_0116,3463.68,Khamsat,Translation,2023-01-15,2022-12
user_0116,14506.28,PeoplePerHour,Translation,2023-01-19,2022-12
user_0116,8905.08,Upwork,UI/UX,2023-02-16,2023-01
user_0116,5875.08,Upwork,Content Writing,2023-03-10,2023-02
user_0116,7603.31,Toptal,Web Development,2023-05-19,2023-04
user_0116,12174.87,Khamsat,Web Development,2023-05-05,2023-04
user_0116,740.27,Local Agency,Video Editing,2023-06-15,2023-05
user_0116,2880.1,Local Agency,Web Development,2023-06-20,2023-05
user_0116,4020.14,Toptal,UI/UX,2023-06-29,2023-06
user_0116,3030.1,Toptal,Content Writing,2023-07-12,2023-06
user_0116,6112.84,Freelancer.com,Video Editing,2023-09-19,2023-08
user_0116,1717.41,Freelancer.com,Data Analysis,2023-09-10,2023-08
user_0116,26711.25,PeoplePerHour,Content Writing,2023-10-06,2023-09
user_0116,8730.15,Toptal,Accounting,2023-11-16,2023-10
user_0116,1978.51,Khamsat,UI/UX,2023-12-31,2023-12
user_0116,4634.46,Upwork,Data Analysis,2024-01-13,2023-12
user_0116,7363.76,Freelancer.com,Translation,2024-02-05,2024-01
user_0116,9172.34,Direct Client,Accounting,2024-03-02,2024-02
user_0116,8886.9,PeoplePerHour,Content Writing,2024-03-24,2024-03
user_0117,1162.48,Direct Client,UI/UX,2022-06-11,2022-06
user_0117,6729.68,Khamsat,Accounting,2022-08-22,2022-07
user_0117,546.93,Freelancer.com,Web Development,2022-11-01,2022-10
user_0117,3394.62,Direct Client,SEO,2022-12-03,2022-11
user_0117,663.54,PeoplePerHour,UI/UX,2022-12-03,2022-11
user_0117,926.04,Upwork,Accounting,2023-01-06,2022-12
user_0117,2687.19,Toptal,Web Development,2023-02-01,2023-01
user_0117,374.24,Local Agency,Content Writing,2023-03-15,2023-02
user_0117,125.76,Direct Client,UI/UX,2023-03-22,2023-02
user_0117,2379.03,Toptal,SEO,2023-04-07,2023-03
user_0117,3068.15,Khamsat,UI/UX,2023-04-08,2023-03
user_0117,6841.68,Toptal,Mobile Dev,2023-05-18,2023-04
user_0117,2112.01,Upwork,Web Development,2023-06-06,2023-05
user_0117,1390.43,Khamsat,UI/UX,2023-05-27,2023-05
user_0117,702.25,Khamsat,Graphic Design,2023-07-07,2023-06
user_0117,1367.37,Freelancer.com,SEO,2023-07-29,2023-07
user_0117,582.19,Direct Client,Accounting,2023-08-16,2023-07
user_0117,172.63,Direct Client,Graphic Design,2023-08-18,2023-07
user_0117,151.99,Toptal,UI/UX,2023-08-26,2023-08
user_0117,770.23,Direct Client,Accounting,2023-09-13,2023-08
user_0117,2962.77,PeoplePerHour,Graphic Design,2023-09-29,2023-09
user_0117,1733.29,Upwork,SEO,2023-10-31,2023-10
user_0117,4147.81,PeoplePerHour,SEO,2023-11-12,2023-10
user_0117,2821.57,Freelancer.com,Data Analysis,2023-12-02,2023-11
user_0117,4494.19,Freelancer.com,UI/UX,2023-12-03,2023-11
user_0117,754.47,PeoplePerHour,Data Analysis,2024-01-03,2023-12
user_0117,789.86,Mostaql,Graphic Design,2024-01-22,2024-01
user_0117,1747.66,Khamsat,UI/UX,2024-01-29,2024-01
user_0117,500.0,Direct Client,Content Writing,2024-02-27,2024-02
user_0117,497.18,Direct Client,Video Editing,2024-04-12,2024-03
user_0117,270.49,Khamsat,Graphic Design,2024-03-29,2024-03
user_0118,4217.3,PeoplePerHour,Graphic Design,2022-06-12,2022-06
user_0118,586.86,Upwork,UI/UX,2022-07-07,2022-07
user_0118,5022.03,Direct Client,Accounting,2022-07-08,2022-07
user_0118,500.0,Mostaql,SEO,2022-08-04,2022-07
user_0118,5344.49,Freelancer.com,Translation,2022-08-31,2022-08
user_0118,1270.59,Khamsat,Translation,2022-10-08,2022-09
user_0118,625.15,Direct Client,Mobile Dev,2022-10-06,2022-09
user_0118,1903.43,Local Agency,SEO,2022-10-30,2022-10
user_0118,1013.93,PeoplePerHour,SEO,2022-12-19,2022-11
user_0118,6057.24,PeoplePerHour,Content Writing,2022-11-28,2022-11
user_0118,686.5,Khamsat,Translation,2022-12-28,2022-12
user_0118,386.13,Local Agency,Graphic Design,2023-01-21,2022-12
user_0118,1682.61,Local Agency,Translation,2023-04-10,2023-03
user_0118,4654.84,Freelancer.com,Graphic Design,2023-04-14,2023-03
user_0118,3996.93,Direct Client,UI/UX,2023-05-06,2023-04
user_0118,5158.22,Toptal,Translation,2023-06-02,2023-05
user_0118,6165.19,Local Agency,Content Writing,2023-06-27,2023-06
user_0118,1848.33,PeoplePerHour,Translation,2023-08-19,2023-07
user_0118,1966.59,Freelancer.com,Mobile Dev,2023-08-30,2023-08
user_0118,368.94,Direct Client,Mobile Dev,2023-08-27,2023-08
user_0118,1737.66,Toptal,Web Development,2023-09-11,2023-08
user_0118,2384.36,Toptal,Content Writing,2023-10-03,2023-09
user_0118,1379.24,Mostaql,Content Writing,2023-09-29,2023-09
user_0118,2184.0,Khamsat,Data Analysis,2023-10-04,2023-09
user_0118,571.19,Toptal,Mobile Dev,2023-11-12,2023-10
user_0118,371.02,Mostaql,SEO,2023-11-17,2023-10
user_0118,2225.42,Toptal,Mobile Dev,2023-12-11,2023-11
user_0118,5931.12,Khamsat,Data Analysis,2024-01-02,2023-12
user_0118,2507.65,Toptal,Translation,2024-01-10,2023-12
user_0118,514.12,Khamsat,UI/UX,2024-01-14,2023-12
user_0118,3443.15,Toptal,Translation,2024-02-14,2024-01
user_0118,5614.2,PeoplePerHour,SEO,2024-03-16,2024-02
user_0118,1478.64,Direct Client,Web Development,2024-03-01,2024-02
user_0118,1805.04,Freelancer.com,Video Editing,2024-03-23,2024-03
user_0118,1083.27,Upwork,SEO,2024-04-01,2024-03
user_0118,8382.8,PeoplePerHour,SEO,2024-05-12,2024-04
user_0119,2263.83,Freelancer.com,Video Editing,2022-06-13,2022-06
user_0119,606.21,Mostaql,Mobile Dev,2022-06-09,2022-06
user_0119,24.69,Mostaql,Accounting,2022-06-18,2022-06
user_0119,4867.29,Khamsat,Accounting,2022-08-22,2022-07
user_0119,2029.28,Freelancer.com,Accounting,2022-08-22,2022-07
user_0119,1385.63,Upwork,Graphic Design,2022-08-30,2022-08
user_0119,2993.38,Local Agency,Translation,2022-10-17,2022-09
user_0119,500.0,Khamsat,Translation,2022-12-18,2022-11
user_0119,479.91,Local Agency,Mobile Dev,2022-12-30,2022-12
user_0119,827.42,Freelancer.com,Data Analysis,2023-01-14,2022-12
user_0119,1925.38,PeoplePerHour,Web Development,2023-01-08,2022-12
user_0119,6779.56,Mostaql,Web Development,2023-02-17,2023-01
user_0119,1976.53,PeoplePerHour,Accounting,2023-04-13,2023-03
user_0119,1779.24,Mostaql,Video Editing,2023-04-08,2023-03
user_0119,2839.51,Khamsat,Content Writing,2023-05-21,2023-04
user_0119,1662.85,Upwork,Accounting,2023-05-19,2023-04
user_0119,1302.41,Khamsat,Mobile Dev,2023-07-18,2023-06
user_0119,2017.1,Freelancer.com,Mobile Dev,2023-07-01,2023-06
user_0119,2269.71,Local Agency,Translation,2023-07-27,2023-07
user_0119,1447.17,Mostaql,Data Analysis,2023-07-30,2023-07
user_0119,1062.9,Freelancer.com,Data Analysis,2023-08-03,2023-07
user_0119,7729.8,Khamsat,Video Editing,2023-09-08,2023-08
user_0119,6783.31,Local Agency,Video Editing,2023-10-07,2023-09
user_0119,2870.27,Mostaql,Data Analysis,2023-11-08,2023-10
user_0119,1004.48,Mostaql,Video Editing,2023-11-18,2023-10
user_0119,975.92,Local Agency,SEO,2023-11-11,2023-10
user_0119,5034.3,Toptal,Data Analysis,2023-12-05,2023-11
user_0119,8076.05,Upwork,Graphic Design,2023-12-06,2023-11
user_0119,8006.21,Direct Client,Translation,2023-12-27,2023-12
user_0119,3627.65,Freelancer.com,Web Development,2024-03-03,2024-02
user_0119,4136.45,Local Agency,Video Editing,2024-04-05,2024-03
user_0119,789.41,Mostaql,Mobile Dev,2024-04-23,2024-04
user_0119,3927.69,Local Agency,SEO,2024-05-02,2024-04
user_0120,3953.05,Upwork,Graphic Design,2022-06-13,2022-06
user_0120,1630.22,Freelancer.com,SEO,2022-06-02,2022-06
user_0120,769.63,Direct Client,Content Writing,2022-06-22,2022-06
user_0120,6851.93,Direct Client,Accounting,2022-07-04,2022-07
user_0120,2469.5,Upwork,Translation,2022-07-13,2022-07
user_0120,13516.62,Freelancer.com,Data Analysis,2022-08-12,2022-07
user_0120,1552.28,Upwork,SEO,2022-08-04,2022-07
user_0120,9560.66,Direct Client,Data Analysis,2022-09-07,2022-08
user_0120,5468.34,Freelancer.com,Video Editing,2022-10-20,2022-09
user_0120,13035.09,Mostaql,Mobile Dev,2022-10-03,2022-09
user_0120,515.31,Freelancer.com,Video Editing,2022-11-07,2022-10
user_0120,6925.13,Mostaql,Translation,2022-11-18,2022-10
user_0120,137.53,Mostaql,Video Editing,2022-12-09,2022-11
user_0120,5641.69,Mostaql,Data Analysis,2022-12-05,2022-11
user_0120,2904.4,Local Agency,Video Editing,2023-01-22,2022-12
user_0120,5489.72,Mostaql,Accounting,2023-02-14,2023-01
user_0120,7344.63,Local Agency,Video Editing,2023-03-01,2023-02
user_0120,1302.05,Freelancer.com,Translation,2023-04-02,2023-03
user_0120,874.38,Mostaql,SEO,2023-03-29,2023-03
user_0120,4781.24,Khamsat,Video Editing,2023-04-01,2023-03
user_0120,17061.43,Freelancer.com,SEO,2023-05-04,2023-04
user_0120,4915.67,Mostaql,Web Development,2023-05-11,2023-04
user_0120,2.52,Khamsat,SEO,2023-06-12,2023-05
user_0120,5310.8,Upwork,UI/UX,2023-05-29,2023-05
user_0120,8574.95,PeoplePerHour,Accounting,2023-07-16,2023-06
user_0120,1841.14,Toptal,Accounting,2023-08-08,2023-07
user_0120,8610.55,Mostaql,Video Editing,2023-08-03,2023-07
user_0120,9855.98,Mostaql,Accounting,2023-09-15,2023-08
user_0120,5651.24,Khamsat,Graphic Design,2023-09-30,2023-09
user_0120,1521.15,Toptal,Content Writing,2023-10-12,2023-09
user_0120,9899.85,Freelancer.com,Video Editing,2023-11-14,2023-10
user_0120,5096.22,Khamsat,SEO,2023-11-29,2023-11
user_0120,1357.29,Local Agency,Video Editing,2023-12-11,2023-11
user_0120,9109.75,Toptal,Video Editing,2023-12-29,2023-12
user_0120,1810.45,Freelancer.com,Graphic Design,2024-02-04,2024-01
user_0120,7311.49,Direct Client,Graphic Design,2024-02-13,2024-01
user_0120,931.43,Toptal,Video Editing,2024-03-02,2024-02
user_0120,4525.91,Upwork,Data Analysis,2024-03-15,2024-02
user_0120,996.68,Local Agency,Web Development,2024-03-14,2024-02
user_0120,1479.39,Khamsat,Web Development,2024-03-27,2024-03
user_0120,8005.91,Upwork,SEO,2024-03-25,2024-03
user_0120,6734.85,PeoplePerHour,Data Analysis,2024-05-11,2024-04
